Lead_ID,Name,City,State,Country,Lead_Value,Status,Source,Created_Date,Last_Contact,Public,Assigned,Tags
365,Vivek,Chennai,Tamil Nadu,India,0,On Process,Employee Reference,04-09-2026,Not Contacted,No,Arut Selvan,No Tag
366,Jeni Pre School,Chennai,Tamil Nadu,India,0,Followup,Instagram & Facebook,04-09-2026,Not Contacted,No,Arut Selvan,No Tag
367,Senthil Engineering Works,Madurai,Tamil Nadu,India,0,Followup,Instagram & Facebook,04-09-2026,Not Contacted,No,Arut Selvan,No Tag
368,John,Chennai,Tamil Nadu,India,0,New,Instagram & Facebook,04-09-2026,Not Contacted,Yes,Prasanna S,No Tag
369,Mohidul Molla,Chennai,Tamil Nadu,India,0,Wrong Lead,Instagram & Facebook,04-09-2026,Not Contacted,Yes,Pon Bala Subramanian,No Tag
370,Bbadrinarayanan Narayanan,Madurai,Tamil Nadu,India,0,Wrong Lead,Instagram & Facebook,04-09-2026,Not Contacted,Yes,Pon Bala Subramanian,No Tag
371,Gowtham Saravanan,Uthangarai,Tamil Nadu,India,0,Not Answering,Instagram & Facebook,04-09-2026,Not Contacted,Yes,Pon Bala Subramanian,No Tag
372,Loveandcare,Chennai,Tamil Nadu,India,0,Not Answering,Instagram & Facebook,04-09-2026,Not Contacted,Yes,Pon Bala Subramanian,No Tag
373,Loveandcare,Chennai,Tamil Nadu,India,0,Not Answering,Instagram & Facebook,04-09-2026,Not Contacted,Yes,Pon Bala Subramanian,No Tag
374,Loveandcare,Chennai,Tamil Nadu,India,0,Not Answering,Instagram & Facebook,04-09-2026,Not Contacted,Yes,Pon Bala Subramanian,No Tag
375,Loveandcare,Chennai,Tamil Nadu,India,0,Not Answering,Instagram & Facebook,04-09-2026,Not Contacted,Yes,Pon Bala Subramanian,No Tag
376,Loveandcare,Chennai,Tamil Nadu,India,0,Not Answering,Instagram & Facebook,04-09-2026,Not Contacted,Yes,Pon Bala Subramanian,No Tag
377,Anitha Lakshminarayanan,Chennai,Tamil Nadu,India,0,Need To Get Requirements,Instagram & Facebook,04-09-2026,Not Contacted,Yes,Pon Bala Subramanian,No Tag
378,Anitha Lakshminarayanan,Chennai,Tamil Nadu,India,0,Need To Get Requirements,Instagram & Facebook,04-09-2026,Not Contacted,Yes,Pon Bala Subramanian,No Tag
379,Vinith Kumar,Pollachi,Tamil Nadu,India,0,Wrong Lead,Instagram & Facebook,04-09-2026,Not Contacted,No,Prasanna S,No Tag
380,Thulasi Tharan,Chennai,Tamil Nadu,India,0,Switched Off,Instagram & Facebook,04-09-2026,Not Contacted,Yes,Prasanna S,No Tag
381,Muni Mathu Guttampatti,Dharmapuri,Tamil Nadu,India,0,Wrong Lead,Instagram & Facebook,04-09-2026,Not Contacted,Yes,Prasanna S,No Tag
382,Amala Kalaiarasi,Chennai,Tamil Nadu,India,0,Not Answering,Instagram & Facebook,04-09-2026,Not Contacted,Yes,Prasanna S,No Tag
383,Siraj Udeen,Tenkasi,Tamil Nadu,India,1362602109,Need To Get Requirements,Instagram & Facebook,04-09-2026,Not Contacted,Yes,Prasanna S,No Tag
384,Siraj Udeen,Tenkasi,Tamil Nadu,India,1362602109,Need To Get Requirements,Instagram & Facebook,04-09-2026,Not Contacted,Yes,Prasanna S,No Tag
385,Mani,Tamilnadu Thenkasi Dt,Tamil Nadu,India,0,Not Interested,Instagram & Facebook,1708-01-09,1708-01-09,Yes,Prasanna S,No Tag
386,Velaelango Velaelango,Tirupur,Tamil Nadu,India,0,Not Interested,Instagram & Facebook,1708-04-09,1708-04-09,Yes,Prasanna S,No Tag
387,Shivakumar,Coimbatore,Tamil Nadu,India,0,Not Interested,Instagram & Facebook,1708-08-25,1708-08-25,Yes,Prasanna S,No Tag
388,Manoj Kumar,Cell Video,Tamil Nadu,India,0,Not Interested,Instagram & Facebook,1708-08-28,1708-08-28,No,Prasanna S,No Tag
389,Benjamin Dear,Chennai,Tamil Nadu,India,0,Not Interested,Instagram & Facebook,1708-08-29,1708-08-29,Yes,Prasanna S,No Tag
390,Senthil Kumar,Madurai,Tamil Nadu,India,0,Not Interested,Instagram & Facebook,1708-08-31,1708-08-31,Yes,Prasanna S,No Tag
391,Sellam Krishnan Chandrashekaran,Paramakudi,Tamil Nadu,India,0,Not Answering,Instagram & Facebook,04-09-2026,Not Contacted,Yes,Prasanna S,No Tag
392,Nallu Krish,Surat,Tamil Nadu,India,0,Wrong Lead,Instagram & Facebook,04-09-2026,Not Contacted,Yes,Prasanna S,No Tag
393,Bala Shankar,Trichy,Tamil Nadu,India,0,Followup,Instagram & Facebook,04-09-2026,Not Contacted,Yes,Prasanna S,No Tag
394,Santhoush Tr,Vellore,Tamil Nadu,India,0,Wrong Lead,Instagram & Facebook,04-09-2026,Not Contacted,Yes,Prasanna S,No Tag
395,Arunachalam,Chidambaram,Tamil Nadu,India,0,Wrong Lead,Instagram & Facebook,04-09-2026,Not Contacted,Yes,Prasanna S,No Tag
396,Ganesh Prabu G,Sivagangai,Tamil Nadu,India,0,Followup,Instagram & Facebook,04-09-2026,Not Contacted,Yes,Prasanna S,No Tag
397,Abdul Rahman,Tiruchirappalli,Tamil Nadu,India,0,Not Answering,Instagram & Facebook,04-09-2026,Not Contacted,Yes,Prasanna S,No Tag
398,Sanjay Kumar,Jharkhand,Tamil Nadu,India,0,Wrong Lead,Instagram & Facebook,04-09-2026,Not Contacted,Yes,Prasanna S,No Tag
399,Unknown Name,Theni,Tamil Nadu,India,0,Wrong Lead,Instagram & Facebook,04-09-2026,Not Contacted,Yes,Prasanna S,No Tag
400,Mr Unknown,Chennai,Tamil Nadu,India,0,Wrong Lead,Instagram & Facebook,04-09-2026,Not Contacted,Yes,Prasanna S,No Tag
401,Unknown Name,Erode,Tamil Nadu,India,0,Switched Off,Instagram & Facebook,04-09-2026,Not Contacted,No,Prasanna S,No Tag
402,Vsm Caters,Mayiladuthurai,Tamil Nadu,India,0,Customer,Instagram & Facebook,04-09-2026,Not Contacted,Yes,Prasanna S,No Tag
403,M V Tamizhvanan Lic,Chennai,Tamil Nadu,India,0,Wrong Lead,Instagram & Facebook,04-09-2026,Not Contacted,Yes,Prasanna S,No Tag
405,Hhh,Bangalore,Tamil Nadu,India,0,Not Interested,India Smm Campaign,04-09-2026,Not Contacted,Yes,Arut Selvan,No Tag
406,Durga Devi P,Coimbatore,Tamil Nadu,India,0,New,India Smm Campaign,04-09-2026,Not Contacted,No,Arut Selvan,No Tag
407,Subbuvenurajan,Chennai,Tamil Nadu,India,0,New,India Smm Campaign,04-09-2026,Not Contacted,No,Arut Selvan,No Tag
408,Sasi Sp Alise K Premasree,Chennai,Tamil Nadu,India,0,New,India Smm Campaign,04-09-2026,Not Contacted,No,Arut Selvan,No Tag
409,Deepak Siva,Coimbatore,Tamil Nadu,India,0,New,India Smm Campaign,04-09-2026,Not Contacted,No,Arut Selvan,No Tag
410,Amit Nath,Dharmanagr,Tamil Nadu,India,0,New,India Smm Campaign,04-09-2026,Not Contacted,No,Arut Selvan,No Tag
411,Money,Delh,Tamil Nadu,India,0,New,India Smm Campaign,04-09-2026,Not Contacted,No,Arut Selvan,No Tag
412,Umar Sharif,Chennai,Tamil Nadu,India,0,New,India Smm Campaign,04-09-2026,Not Contacted,No,Arut Selvan,No Tag
413,Hineni Vitals,Chennai,Tamil Nadu,India,0,New,India Smm Campaign,04-09-2026,Not Contacted,No,Arut Selvan,No Tag
414,Govindarasu,Pattukkottai Thanjavur,Tamil Nadu,India,0,New,India Smm Campaign,04-09-2026,Not Contacted,No,Arut Selvan,No Tag
415,Bhuvanesh Waran,Erode,Tamil Nadu,India,0,New,India Smm Campaign,04-09-2026,Not Contacted,No,Arut Selvan,No Tag
416,G S Parthiban Gsp,Vellore,Tamil Nadu,India,0,New,India Smm Campaign,04-09-2026,Not Contacted,No,Arut Selvan,No Tag
417,Rear Guard Safe Tech,Coimbatore,Tamil Nadu,India,0,Not Answering,India Smm Campaign,04-09-2026,Not Contacted,No,Arut Selvan,No Tag
418,Rajapandi,Madurai,Tamil Nadu,India,0,Not Answering,India Smm Campaign,04-09-2026,Not Contacted,No,Arut Selvan,No Tag
419,Royal Tv,Vellore,Tamil Nadu,India,0,New,India Smm Campaign,04-09-2026,Not Contacted,No,Arut Selvan,No Tag
420,Sg Boutique,Chennai,Tamil Nadu,India,0,Not Interested,India Smm Campaign,04-09-2026,Not Contacted,Yes,Arut Selvan,No Tag
432,Rajesh Nagarajan,Sivakasi,Tamil Nadu,India,0,New,Instagram & Facebook,04-09-2026,Not Contacted,No,Prasanna S,No Tag
433,Megan Seedballs,Erode,Tamil Nadu,India,0,New,Instagram & Facebook,04-09-2026,Not Contacted,No,Prasanna S,No Tag
434,Nithya Karthik,Chennai,Tamil Nadu,India,0,New,Instagram & Facebook,04-09-2026,Not Contacted,No,Prasanna S,No Tag
435,Thenivignesh,Theni,Tamil Nadu,India,0,New,Instagram & Facebook,04-09-2026,Not Contacted,No,Prasanna S,No Tag
436,Karthi Keyan,Sivakasi,Tamil Nadu,India,0,New,Instagram & Facebook,04-09-2026,Not Contacted,No,Prasanna S,No Tag
437,Tirupathireddy Noti,Nellore,Tamil Nadu,India,0,New,Instagram & Facebook,04-09-2026,Not Contacted,No,Prasanna S,No Tag
438,Anbuselvan,Erode,Tamil Nadu,India,0,New,Instagram & Facebook,04-09-2026,Not Contacted,No,Prasanna S,No Tag
439,Kumar,Erode,Tamil Nadu,India,0,New,Instagram & Facebook,04-09-2026,Not Contacted,No,Prasanna S,No Tag
440,Vivek Lasar,Ranipet,Tamil Nadu,India,0,New,Instagram & Facebook,04-09-2026,Not Contacted,No,Prasanna S,No Tag
441,Nirmalkumar Sudha,Chennai,Tamil Nadu,India,0,New,Instagram & Facebook,04-09-2026,Not Contacted,No,Prasanna S,No Tag
442,K Palani,Madurai,Tamil Nadu,India,0,New,Instagram & Facebook,04-09-2026,Not Contacted,No,Prasanna S,No Tag
443,Lithis Saree Draping,Chennai,Tamil Nadu,India,0,New,Instagram & Facebook,04-09-2026,Not Contacted,No,Prasanna S,No Tag
444,Sivakumar Rathinam,Coimbatore,Tamil Nadu,India,0,New,Instagram & Facebook,04-09-2026,Not Contacted,No,Prasanna S,No Tag
445,Astrologerthiru,Jayankondam,Tamil Nadu,India,0,New,Instagram & Facebook,04-09-2026,Not Contacted,No,Prasanna S,No Tag
446,Karthik D,Pondicherry,Tamil Nadu,India,0,New,Instagram & Facebook,04-09-2026,Not Contacted,No,Prasanna S,No Tag
447,Varu,Chennai,Tamil Nadu,India,0,New,Instagram & Facebook,04-09-2026,Not Contacted,No,Prasanna S,No Tag
448,M J Charles Abraham,Chennai,Tamil Nadu,India,0,New,Instagram & Facebook,04-09-2026,Not Contacted,No,Prasanna S,No Tag
449,Partha Sarathi,Madurai,Tamil Nadu,India,0,New,Instagram & Facebook,04-09-2026,Not Contacted,No,Prasanna S,No Tag
450,Sekar Os,Chennai,Tamil Nadu,India,0,New,Instagram & Facebook,04-09-2026,Not Contacted,No,Prasanna S,No Tag
451,Panivu P K,Cuddalore,Tamil Nadu,India,0,New,Instagram & Facebook,04-09-2026,Not Contacted,No,Prasanna S,No Tag
452,Raj Kumar,Theni,Tamil Nadu,India,0,New,Instagram & Facebook,04-09-2026,Not Contacted,No,Prasanna S,No Tag
453,Rohit Garg,Chennai,Tamil Nadu,India,0,New,Instagram & Facebook,04-09-2026,Not Contacted,No,Prasanna S,No Tag
454,Swaminathan,Madurai,Tamil Nadu,India,0,New,Instagram & Facebook,04-09-2026,Not Contacted,No,Prasanna S,No Tag
455,Unknown Name,Rajapalayam,Tamil Nadu,India,0,New,Instagram & Facebook,04-09-2026,Not Contacted,No,Prasanna S,No Tag
456,Wisdom World Hr Solutions,Eranakulam,Tamil Nadu,India,0,New,Instagram & Facebook,04-09-2026,Not Contacted,No,Prasanna S,No Tag
457,Ramachandran,Thanjavur,Tamil Nadu,India,0,New,Instagram & Facebook,04-09-2026,Not Contacted,No,Prasanna S,No Tag
458,Mmjahabar Abubakar,Chennai,Tamil Nadu,India,0,New,Instagram & Facebook,04-09-2026,Not Contacted,No,Prasanna S,No Tag
459,Unknown Name,Chengalpattu,Tamil Nadu,India,0,New,Instagram & Facebook,04-09-2026,Not Contacted,No,Prasanna S,No Tag
460,Robinsunni,Cbe,Tamil Nadu,India,0,New,Instagram & Facebook,04-09-2026,Not Contacted,No,Prasanna S,No Tag
461,Purushottam More,G,Tamil Nadu,India,0,New,Instagram & Facebook,04-09-2026,Not Contacted,No,Prasanna S,No Tag
462,Sakthi Teabag,Coimbatore,Tamil Nadu,India,0,New,Instagram & Facebook,04-09-2026,Not Contacted,No,Prasanna S,No Tag
463,Krishna Karthi,Namakkal,Tamil Nadu,India,0,New,Instagram & Facebook,04-09-2026,Not Contacted,No,Prasanna S,No Tag
464,Hansita,Neyveli,Tamil Nadu,India,0,New,Instagram & Facebook,04-09-2026,Not Contacted,No,Prasanna S,No Tag
465,Ooty Times,Coonoor Ooty,Tamil Nadu,India,0,New,Instagram & Facebook,04-09-2026,Not Contacted,No,Prasanna S,No Tag
466,Ashok Kumar M,Chennai,Tamil Nadu,India,0,New,Instagram & Facebook,04-09-2026,Not Contacted,No,Prasanna S,No Tag
467,Raja Manohar,Chennai,Tamil Nadu,India,0,New,Instagram & Facebook,04-09-2026,Not Contacted,No,Prasanna S,No Tag
468,Thiagraj Sivaraj,Madurai,Tamil Nadu,India,0,New,Instagram & Facebook,04-09-2026,Not Contacted,No,Prasanna S,No Tag
469,Data Science,Banglore,Tamil Nadu,India,0,New,Instagram & Facebook,04-09-2026,Not Contacted,No,Prasanna S,No Tag
470,Dhanasekar,Salem,Tamil Nadu,India,0,New,Instagram & Facebook,04-09-2026,Not Contacted,No,Prasanna S,No Tag
471,Shijin D,Palugal,Tamil Nadu,India,0,New,Instagram & Facebook,04-09-2026,Not Contacted,No,Prasanna S,No Tag
472,Thangathambi Thathangathambi,Tirupur,Tamil Nadu,India,0,New,Instagram & Facebook,04-09-2026,Not Contacted,No,Prasanna S,No Tag
473,Jothi Prasana,Chennai,Tamil Nadu,India,0,New,Instagram & Facebook,04-09-2026,Not Contacted,No,Prasanna S,No Tag
474,Sanjai,Coimbatore,Tamil Nadu,India,0,New,Instagram & Facebook,04-09-2026,Not Contacted,No,Prasanna S,No Tag
475,Unknown Name,Trichy,Tamil Nadu,India,0,New,Instagram & Facebook,04-09-2026,Not Contacted,No,Prasanna S,No Tag
476,Yojo,Mannargudi,Tamil Nadu,India,0,New,Instagram & Facebook,04-09-2026,Not Contacted,No,Prasanna S,No Tag
477,Rajesh Rengaraj,Trichy,Tamil Nadu,India,0,New,Instagram & Facebook,04-09-2026,Not Contacted,No,Prasanna S,No Tag
478,Subramaniyan Subramaniyan,Orathanad,Tamil Nadu,India,0,New,Instagram & Facebook,04-09-2026,Not Contacted,No,Prasanna S,No Tag
479,Axiom S Abdul Nazer,Dindigul,Tamil Nadu,India,0,New,Instagram & Facebook,04-09-2026,Not Contacted,No,Prasanna S,No Tag
480,V M Karthikeyan,Sivaganga,Tamil Nadu,India,0,New,Instagram & Facebook,04-09-2026,Not Contacted,No,Prasanna S,No Tag
481,Pattabi Raman P,Coimbatore,Tamil Nadu,India,0,New,Instagram & Facebook,04-09-2026,Not Contacted,No,Prasanna S,No Tag
482,Balu G,Madurai,Tamil Nadu,India,0,New,Instagram & Facebook,04-09-2026,Not Contacted,No,Prasanna S,No Tag
483,Ramachanthran P,Palghat,Tamil Nadu,India,0,New,Instagram & Facebook,04-09-2026,Not Contacted,No,Prasanna S,No Tag
484,Mohammed Yahya,Chennai,Tamil Nadu,India,0,New,Instagram & Facebook,04-09-2026,Not Contacted,No,Prasanna S,No Tag
485,Lawrence Bakiyaraj,Chennai,Tamil Nadu,India,0,New,Instagram & Facebook,04-09-2026,Not Contacted,No,Prasanna S,No Tag
486,Chandru,Coimbatore,Tamil Nadu,India,0,New,Instagram & Facebook,04-09-2026,Not Contacted,No,Prasanna S,No Tag
487,Sanjay,Chennai,Tamil Nadu,India,0,New,Instagram & Facebook,04-09-2026,Not Contacted,No,Prasanna S,No Tag
488,Tn Ganesh,Chennai,Tamil Nadu,India,0,New,Instagram & Facebook,04-09-2026,Not Contacted,No,Prasanna S,No Tag
489,Antony Raj,Chennai,Tamil Nadu,India,0,New,Instagram & Facebook,04-09-2026,Not Contacted,No,Prasanna S,No Tag
490,Unknown Name,Mississauga,Tamil Nadu,India,0,New,Instagram & Facebook,04-09-2026,Not Contacted,No,Prasanna S,No Tag
491,S Sanaullah,Annur,Tamil Nadu,India,0,New,Instagram & Facebook,04-09-2026,Not Contacted,No,Prasanna S,No Tag
492,Mansoor Ali,Sivagangai,Tamil Nadu,India,0,New,Instagram & Facebook,04-09-2026,Not Contacted,No,Prasanna S,No Tag
493,Abdullah,Chennai,Tamil Nadu,India,0,New,Instagram & Facebook,04-09-2026,Not Contacted,No,Prasanna S,No Tag
494,Priyanka Praveenkumar,Tirupur,Tamil Nadu,India,0,New,Instagram & Facebook,04-09-2026,Not Contacted,No,Prasanna S,No Tag
495,Pandianovalgmail,Theni,Tamil Nadu,India,0,New,Instagram & Facebook,04-09-2026,Not Contacted,No,Prasanna S,No Tag
496,Unknown Name,Ieiei,Tamil Nadu,India,0,New,Instagram & Facebook,04-09-2026,Not Contacted,No,Prasanna S,No Tag
497,Sivabalan,Thoothukudi,Tamil Nadu,India,0,New,Instagram & Facebook,04-09-2026,Not Contacted,No,Prasanna S,No Tag
498,Sakthivel S,Chennai,Tamil Nadu,India,0,New,Instagram & Facebook,04-09-2026,Not Contacted,No,Prasanna S,No Tag
499,Ibrahim King,Marappalam,Tamil Nadu,India,0,New,Instagram & Facebook,04-09-2026,Not Contacted,No,Prasanna S,No Tag
500,Jaya Kumar,Sivakasi,Tamil Nadu,India,0,New,Instagram & Facebook,04-09-2026,Not Contacted,No,Prasanna S,No Tag
501,Abdu Rehman,Kannur,Tamil Nadu,India,0,New,Instagram & Facebook,04-09-2026,Not Contacted,No,Prasanna S,No Tag
502,Habeeb Khan,Mumbai,Tamil Nadu,India,0,New,Instagram & Facebook,04-09-2026,Not Contacted,No,Prasanna S,No Tag
503,Hidayathulla,Krishnagiri,Tamil Nadu,India,0,New,Instagram & Facebook,04-09-2026,Not Contacted,No,Prasanna S,No Tag
504,Daniel Devadass Fenn,Tiruppur,Tamil Nadu,India,0,New,Instagram & Facebook,04-09-2026,Not Contacted,No,Prasanna S,No Tag
505,Subramanian Sambandam,Thanjavur,Tamil Nadu,India,0,New,Instagram & Facebook,04-09-2026,Not Contacted,No,Prasanna S,No Tag
506,Raman,Chennai,Tamil Nadu,India,0,New,Instagram & Facebook,04-09-2026,Not Contacted,No,Prasanna S,No Tag
507,Purushothaman V,Chennai,Tamil Nadu,India,0,New,Instagram & Facebook,04-09-2026,Not Contacted,No,Prasanna S,No Tag
508,S Josephdevakumar,Paramakudi,Tamil Nadu,India,0,New,Instagram & Facebook,04-09-2026,Not Contacted,No,Prasanna S,No Tag
509,Prem Ananth,Madurai,Tamil Nadu,India,0,New,Instagram & Facebook,04-09-2026,Not Contacted,No,Prasanna S,No Tag
510,Karthick,Madurai,Tamil Nadu,India,0,New,Instagram & Facebook,04-09-2026,Not Contacted,No,Prasanna S,No Tag
511,Rajadhithan,Madurai,Tamil Nadu,India,0,New,Instagram & Facebook,04-09-2026,Not Contacted,No,Prasanna S,No Tag
512,Nandha,Vellore,Tamil Nadu,India,0,New,Instagram & Facebook,04-09-2026,Not Contacted,No,Prasanna S,No Tag
513,Venkatesan K,Chennai,Tamil Nadu,India,0,New,Instagram & Facebook,04-09-2026,Not Contacted,No,Prasanna S,No Tag
514,Peer Mydeen,Tirunelveli,Tamil Nadu,India,0,New,Instagram & Facebook,04-09-2026,Not Contacted,No,Prasanna S,No Tag
515,Manikandan Subburaj,Chennai,Tamil Nadu,India,0,New,Instagram & Facebook,04-09-2026,Not Contacted,No,Prasanna S,No Tag
516,Ravi Raman,Tiruchirappalli,Tamil Nadu,India,0,New,Instagram & Facebook,04-09-2026,Not Contacted,No,Prasanna S,No Tag
517,Elements Wellness And On On Products,Chennai,Tamil Nadu,India,0,New,Instagram & Facebook,04-09-2026,Not Contacted,No,Prasanna S,No Tag
518,M P Kumar,Trichy,Tamil Nadu,India,0,New,Instagram & Facebook,04-09-2026,Not Contacted,No,Prasanna S,No Tag
519,Annamalai Sugumaran,Pondicherry,Tamil Nadu,India,0,New,Instagram & Facebook,04-09-2026,Not Contacted,No,Prasanna S,No Tag
520,Palaniswamy,Chennai,Tamil Nadu,India,0,New,Instagram & Facebook,04-09-2026,Not Contacted,No,Prasanna S,No Tag
521,Arumugamokr Ramasamy,Chennai,Tamil Nadu,India,0,New,Instagram & Facebook,04-09-2026,Not Contacted,No,Prasanna S,No Tag
522,Kanna Thasan,Thanjavur,Tamil Nadu,India,0,New,Instagram & Facebook,04-09-2026,Not Contacted,No,Prasanna S,No Tag
523,Kasirajan V,Dindigul,Tamil Nadu,India,0,New,Instagram & Facebook,04-09-2026,Not Contacted,No,Prasanna S,No Tag
524,Mohidul Molla,Chennai,Tamil Nadu,India,0,Wrong Lead,Instagram & Facebook,04-09-2026,Not Contacted,No,Pon Bala Subramanian,No Tag
525,David Asher,Chennai,Tamil Nadu,India,0,Not Answering,Instagram & Facebook,04-09-2026,Not Contacted,No,Pon Bala Subramanian,No Tag
526,Benjamin Dear,G,Tamil Nadu,India,0,Wrong Lead,Instagram & Facebook,04-09-2026,Not Contacted,No,Pon Bala Subramanian,No Tag
527,Unknown Name,Coimbatore,Tamil Nadu,India,0,Not Interested,Instagram & Facebook,04-09-2026,Not Contacted,No,Pon Bala Subramanian,No Tag
528,Sathish,Chennai,Tamil Nadu,India,0,Wrong Lead,Instagram & Facebook,04-09-2026,Not Contacted,No,Pon Bala Subramanian,No Tag
529,Aruldevi Manikandan,Kallakurichi,Tamil Nadu,India,0,Wrong Lead,Instagram & Facebook,04-09-2026,Not Contacted,No,Pon Bala Subramanian,No Tag
530,Unknown Name,Chennai,Tamil Nadu,India,0,Not Interested,Instagram & Facebook,04-09-2026,Not Contacted,No,Pon Bala Subramanian,No Tag
531,Dhamodhar Uthyanithi,Kattumannarkoil,Tamil Nadu,India,0,Wrong Lead,Instagram & Facebook,04-09-2026,Not Contacted,No,Pon Bala Subramanian,No Tag
532,Drkalam Real,Madurai,Tamil Nadu,India,0,Wrong Lead,Instagram & Facebook,04-09-2026,Not Contacted,No,Pon Bala Subramanian,No Tag
533,Manoharan R,Trichy,Tamil Nadu,India,0,Not Interested,Instagram & Facebook,04-09-2026,Not Contacted,Yes,Pon Bala Subramanian,No Tag
534,Vardhini Karthik,Chennai,Tamil Nadu,India,0,Out Of Service,Instagram & Facebook,04-09-2026,Not Contacted,Yes,Pon Bala Subramanian,No Tag
535,Kamalesh,Vellore,Tamil Nadu,India,0,Looking For Job,Instagram & Facebook,04-09-2026,Not Contacted,Yes,Pon Bala Subramanian,No Tag
536,Albert P,Villupuram,Tamil Nadu,India,0,Closed By Other Team,Instagram & Facebook,04-09-2026,Not Contacted,Yes,Pon Bala Subramanian,No Tag
537,Sharif Mclair,Chennai,Tamil Nadu,India,0,Not Interested,Instagram & Facebook,04-09-2026,Not Contacted,Yes,Pon Bala Subramanian,No Tag
538,Unknown Name,Coimbatore,Tamil Nadu,India,0,Didnt Enquire,Instagram & Facebook,04-09-2026,Not Contacted,Yes,Pon Bala Subramanian,No Tag
539,Santhosh,Coimbatore,Tamil Nadu,India,0,Wrong Lead,Instagram & Facebook,04-09-2026,Not Contacted,No,Pon Bala Subramanian,No Tag
540,Sarathy Rg,Tiruppur,Tamil Nadu,India,0,Didnt Enquire,Instagram & Facebook,04-09-2026,Not Contacted,Yes,Pon Bala Subramanian,No Tag
541,Japhthah Pradeep,Kodaikanal,Tamil Nadu,India,0,Not Answering,Instagram & Facebook,04-09-2026,Not Contacted,Yes,Pon Bala Subramanian,No Tag
542,Faheem Ahmed,Ambur,Tamil Nadu,India,0,Not Responding,Instagram & Facebook,04-09-2026,Not Contacted,Yes,Sasidharan  R,No Tag
543,Md Ishaque De,B,Tamil Nadu,India,0,Wrong Num,Instagram & Facebook,04-09-2026,Not Contacted,Yes,Sasidharan  R,No Tag
544,Fazil Habeeth,Dindugal,Tamil Nadu,India,0,Not Interested,Instagram & Facebook,04-09-2026,Not Contacted,Yes,Sasidharan  R,No Tag
545,Khan Amjath,Kuwait City,Tamil Nadu,India,0,Need To Send Our Profile,Instagram & Facebook,04-09-2026,Not Contacted,Yes,Sasidharan  R,No Tag
546,Sai Chidambaram Ca,Tirunelveli,Tamil Nadu,India,0,Not Responding,Instagram & Facebook,04-09-2026,Not Contacted,Yes,Sasidharan  R,No Tag
547,Anbumani,Villupuram,Tamil Nadu,India,0,Not Interested,Instagram & Facebook,04-09-2026,Not Contacted,Yes,Sasidharan  R,No Tag
548,Raja Sekar,Madurai,Tamil Nadu,India,0,Not Interested,Instagram & Facebook,04-09-2026,Not Contacted,Yes,Sasidharan  R,No Tag
549,Pon Thangavel,Chennai,Tamil Nadu,India,0,Not Responding,Instagram & Facebook,04-09-2026,Not Contacted,Yes,Sasidharan  R,No Tag
550,Mohammed Yaseen H,Ranipettai,Tamil Nadu,India,0,Not Interested,Instagram & Facebook,04-09-2026,Not Contacted,Yes,Sasidharan  R,No Tag
551,At Appanraj,Chennai,Tamil Nadu,India,0,Not Interested,Instagram & Facebook,04-09-2026,Not Contacted,Yes,Sasidharan  R,No Tag
552,Vjy Murali,Chennai,Tamil Nadu,India,0,Out Of Service,Instagram & Facebook,04-09-2026,Not Contacted,Yes,Sasidharan  R,No Tag
553,Karthi Ml,Ponnamaravathy,Tamil Nadu,India,0,Out Of Service,Instagram & Facebook,04-09-2026,Not Contacted,Yes,Sasidharan  R,No Tag
554,Mohan Raj,Mohan Raj,Tamil Nadu,India,0,Wrong Num,Instagram & Facebook,04-09-2026,Not Contacted,Yes,Sasidharan  R,No Tag
555,Dr S Niranjanan,Chennai,Tamil Nadu,India,0,Not Interested,Instagram & Facebook,04-09-2026,Not Contacted,Yes,Sasidharan  R,No Tag
556,Mithun Kumar Mithun Kumar,Rjr,Tamil Nadu,India,0,Wrong Num,Instagram & Facebook,04-09-2026,Not Contacted,Yes,Sasidharan  R,No Tag
557,Mathi Mathi,Masinagudi,Tamil Nadu,India,0,Not Interested,Instagram & Facebook,04-09-2026,Not Contacted,Yes,Sasidharan  R,No Tag
558,Prabaharan Nehru,Pudukkottai,Tamil Nadu,India,0,Not Interested,Instagram & Facebook,04-09-2026,Not Contacted,Yes,Sasidharan  R,No Tag
559,Maxx Conn,Coimbatore,Tamil Nadu,India,0,Not Interested,Instagram & Facebook,04-09-2026,Not Contacted,Yes,Sasidharan  R,No Tag
560,Gopinath,Chennai,Tamil Nadu,India,0,Not Interested,Instagram & Facebook,04-09-2026,Not Contacted,Yes,Sasidharan  R,No Tag
561,Leo Joe Lourduraj,Tiruchirappalli,Tamil Nadu,India,0,Not Interested,Instagram & Facebook,04-09-2026,Not Contacted,Yes,Sasidharan  R,No Tag
562,Drramachandran Manikandan,Chennai,Tamil Nadu,India,0,Not Responding,Instagram & Facebook,04-09-2026,Not Contacted,Yes,Sasidharan  R,No Tag
563,William Ferdinand,Coimbatore,Tamil Nadu,India,0,Not Interested,Instagram & Facebook,04-09-2026,Not Contacted,Yes,Sasidharan  R,No Tag
564,Tharun Kumar,Chennai,Tamil Nadu,India,0,Invalid,Instagram & Facebook,04-09-2026,Not Contacted,Yes,Arut Selvan,No Tag
565,Ram Ya,Chennai,Tamil Nadu,India,0,Invalid,Instagram & Facebook,04-09-2026,Not Contacted,Yes,Arut Selvan,No Tag
566,Jeraldu Francis,Chennai,Tamil Nadu,India,0,Pending,Instagram & Facebook,04-09-2026,Not Contacted,Yes,Arut Selvan,No Tag
567,Mahendran Mahe,Tirupur,Tamil Nadu,India,0,Switched Off,Instagram & Facebook,04-09-2026,Not Contacted,Yes,Arut Selvan,No Tag
568,Vtv Vtv,Ooty,Tamil Nadu,India,0,Switched Off,Instagram & Facebook,04-09-2026,Not Contacted,Yes,Arut Selvan,No Tag
569,King Maker,None,Tamil Nadu,India,0,Invalid,Instagram & Facebook,04-09-2026,Not Contacted,Yes,Arut Selvan,No Tag
570,K M Sumedh,Erode,Tamil Nadu,India,0,Not Answering,Instagram & Facebook,04-09-2026,Not Contacted,Yes,Arut Selvan,No Tag
571,Richfield Business Solution,Coimbatore,Tamil Nadu,India,0,Not Interested,Instagram & Facebook,04-09-2026,Not Contacted,Yes,Sasidharan  R,No Tag
572,Koti Katta,Tuni,Tamil Nadu,India,0,New,Instagram & Facebook,04-09-2026,Not Contacted,No,Harish Kumar K,No Tag
573,Mds Khan,Hyderabad,Tamil Nadu,India,0,New,Instagram & Facebook,04-09-2026,Not Contacted,No,Harish Kumar K,No Tag
574,Surya Madala,Vijayawada,Tamil Nadu,India,0,New,Instagram & Facebook,04-09-2026,Not Contacted,No,Harish Kumar K,No Tag
575,Vinod Kumar K,Tirupati,Tamil Nadu,India,0,New,Instagram & Facebook,04-09-2026,Not Contacted,No,Harish Kumar K,No Tag
576,Raja Bhati,Hyderabad,Tamil Nadu,India,0,New,Instagram & Facebook,04-09-2026,Not Contacted,No,Harish Kumar K,No Tag
577,Venkadesh Vj,Udumalpet,Tamil Nadu,India,0,New,Instagram & Facebook,04-09-2026,Not Contacted,No,Harish Kumar K,No Tag
578,Akash Mayandi Bharathi,Bangalore,Tamil Nadu,India,0,New,Instagram & Facebook,04-09-2026,Not Contacted,No,Harish Kumar K,No Tag
579,Digitalicons,Hyderabad,Tamil Nadu,India,0,New,Instagram & Facebook,04-09-2026,Not Contacted,No,Harish Kumar K,No Tag
580,Anurag,Karimnagar,Tamil Nadu,India,0,New,Instagram & Facebook,04-09-2026,Not Contacted,No,Harish Kumar K,No Tag
581,Unknown Name,Uthiramerur,Tamil Nadu,India,0,New,Instagram & Facebook,04-09-2026,Not Contacted,No,Harish Kumar K,No Tag
582,B Raju Bhai,Hyderabad,Tamil Nadu,India,0,New,Instagram & Facebook,04-09-2026,Not Contacted,No,Harish Kumar K,No Tag
583,Azarutheen,Sivakasi,Tamil Nadu,India,0,New,Instagram & Facebook,04-09-2026,Not Contacted,No,Harish Kumar K,No Tag
584,Divakar,Coimbatore,Tamil Nadu,India,0,New,Instagram & Facebook,04-09-2026,Not Contacted,No,Harish Kumar K,No Tag
585,Ssr Prasad Kovelamudi,Challapalli,Tamil Nadu,India,0,New,Instagram & Facebook,04-09-2026,Not Contacted,No,Harish Kumar K,No Tag
586,Geetha Senbagam,Salem,Tamil Nadu,India,0,New,Instagram & Facebook,04-09-2026,Not Contacted,No,Harish Kumar K,No Tag
587,Kavi Nilavan,Cuddalore,Tamil Nadu,India,0,New,Instagram & Facebook,04-09-2026,Not Contacted,No,Harish Kumar K,No Tag
588,Unknown Name,Chelpur,Tamil Nadu,India,0,New,Instagram & Facebook,04-09-2026,Not Contacted,No,Harish Kumar K,No Tag
589,Sundararajan,Chennai,Tamil Nadu,India,0,New,Instagram & Facebook,04-09-2026,Not Contacted,No,Harish Kumar K,No Tag
590,Unknown Name,Thiruvarur,Tamil Nadu,India,0,New,Instagram & Facebook,04-09-2026,Not Contacted,No,Harish Kumar K,No Tag
591,Karthick Kumar,Madurai,Tamil Nadu,India,0,New,Instagram & Facebook,04-09-2026,Not Contacted,No,Harish Kumar K,No Tag
592,Vinoth Kumar M,Dindigul,Tamil Nadu,India,0,New,Instagram & Facebook,04-09-2026,Not Contacted,No,Harish Kumar K,No Tag
593,Vk,Chennai,Tamil Nadu,India,0,New,Instagram & Facebook,04-09-2026,Not Contacted,No,Harish Kumar K,No Tag
594,Ajit,Chennai,Tamil Nadu,India,0,New,Instagram & Facebook,04-09-2026,Not Contacted,No,Harish Kumar K,No Tag
595,Giri,Chennai,Tamil Nadu,India,0,New,Instagram & Facebook,04-09-2026,Not Contacted,No,Harish Kumar K,No Tag
596,Abdul Zeeshan,Jangaon,Tamil Nadu,India,0,New,Instagram & Facebook,04-09-2026,Not Contacted,No,Harish Kumar K,No Tag
597,Satyakiran,Bhimavaram,Tamil Nadu,India,0,New,Instagram & Facebook,04-09-2026,Not Contacted,No,Harish Kumar K,No Tag
598,Arivalagan Arumugam,Erode,Tamil Nadu,India,0,New,Instagram & Facebook,04-09-2026,Not Contacted,No,Harish Kumar K,No Tag
599,Mohammed,Chennai,Tamil Nadu,India,0,New,Instagram & Facebook,04-09-2026,Not Contacted,No,Harish Kumar K,No Tag
600,Unknown Name,Madurai,Tamil Nadu,India,0,New,Instagram & Facebook,04-09-2026,Not Contacted,No,Harish Kumar K,No Tag
601,Sricharan Botika,Hyderabad,Tamil Nadu,India,0,New,Instagram & Facebook,04-09-2026,Not Contacted,No,Harish Kumar K,No Tag
602,Rajesh,Visakhapatnam,Tamil Nadu,India,0,New,Instagram & Facebook,04-09-2026,Not Contacted,No,Harish Kumar K,No Tag
603,V Har,Bangalore,Tamil Nadu,India,0,New,Instagram & Facebook,04-09-2026,Not Contacted,No,Harish Kumar K,No Tag
604,Arasu,Chennai,Tamil Nadu,India,0,New,Instagram & Facebook,04-09-2026,Not Contacted,No,Harish Kumar K,No Tag
605,Jagadee,Kadiri,Tamil Nadu,India,0,New,Instagram & Facebook,04-09-2026,Not Contacted,No,Harish Kumar K,No Tag
606,Sreedurga Coolzone,Kakinada,Tamil Nadu,India,0,New,Instagram & Facebook,04-09-2026,Not Contacted,No,Harish Kumar K,No Tag
607,Vijith Offi,Tirupur,Tamil Nadu,India,0,New,Instagram & Facebook,04-09-2026,Not Contacted,No,Harish Kumar K,No Tag
608,Harish Dawke,Hyderabad,Tamil Nadu,India,0,New,Instagram & Facebook,04-09-2026,Not Contacted,No,Harish Kumar K,No Tag
609,Sayyed Yaseen,Hyderabad,Tamil Nadu,India,0,New,Instagram & Facebook,04-09-2026,Not Contacted,No,Harish Kumar K,No Tag
610,Sabari,Salem,Tamil Nadu,India,0,New,Instagram & Facebook,04-09-2026,Not Contacted,No,Harish Kumar K,No Tag
611,Ramkumar Ramalingam,Vellore,Tamil Nadu,India,0,New,Instagram & Facebook,04-09-2026,Not Contacted,No,Harish Kumar K,No Tag
612,Subodh Dandapat,Hyderabad,Tamil Nadu,India,0,New,Instagram & Facebook,04-09-2026,Not Contacted,No,Harish Kumar K,No Tag
613,Sohail Shaik,Tenali,Tamil Nadu,India,0,New,Instagram & Facebook,04-09-2026,Not Contacted,No,Harish Kumar K,No Tag
614,Pkumar,Hyderabad,Tamil Nadu,India,0,New,Instagram & Facebook,04-09-2026,Not Contacted,No,Harish Kumar K,No Tag
615,Ch Renukesh,Secunderabad,Tamil Nadu,India,0,New,Instagram & Facebook,04-09-2026,Not Contacted,No,Harish Kumar K,No Tag
616,Praveen,Chennai,Tamil Nadu,India,0,New,Instagram & Facebook,04-09-2026,Not Contacted,No,Harish Kumar K,No Tag
617,Mariappan,Tirunelveli,Tamil Nadu,India,0,New,Instagram & Facebook,04-09-2026,Not Contacted,No,Harish Kumar K,No Tag
618,Cyrus Cyril,Hyderabad,Tamil Nadu,India,0,New,Instagram & Facebook,04-09-2026,Not Contacted,No,Harish Kumar K,No Tag
619,Mohammed Musthafa,Chennai,Tamil Nadu,India,0,New,Instagram & Facebook,04-09-2026,Not Contacted,No,Harish Kumar K,No Tag
620,Ahmed Sm,Nellore,Tamil Nadu,India,0,New,Instagram & Facebook,04-09-2026,Not Contacted,No,Harish Kumar K,No Tag
621,Krishna Ak,Guntur,Tamil Nadu,India,0,New,Instagram & Facebook,04-09-2026,Not Contacted,No,Harish Kumar K,No Tag
622,R Thamaraiselvan,Salem,Tamil Nadu,India,0,New,Instagram & Facebook,04-09-2026,Not Contacted,No,Harish Kumar K,No Tag
623,Balaji Doctor,Salem,Tamil Nadu,India,0,New,Instagram & Facebook,04-09-2026,Not Contacted,No,Harish Kumar K,No Tag
624,Swamy,Vedaranyam,Tamil Nadu,India,0,New,Instagram & Facebook,04-09-2026,Not Contacted,No,Harish Kumar K,No Tag
625,Vp Media,Chennai,Tamil Nadu,India,0,New,Instagram & Facebook,04-09-2026,Not Contacted,No,Harish Kumar K,No Tag
626,Kamatchinathan Kamayuvaraja Veerakamu,Vilathikulam,Tamil Nadu,India,0,New,Instagram & Facebook,04-09-2026,Not Contacted,No,Harish Kumar K,No Tag
627,Arun,Coimbatore,Tamil Nadu,India,0,New,Instagram & Facebook,04-09-2026,Not Contacted,No,Harish Kumar K,No Tag
628,Muhammed Umar N,Trichy,Tamil Nadu,India,0,New,Instagram & Facebook,04-09-2026,Not Contacted,No,Harish Kumar K,No Tag
629,Ambethraj,Vandanmedu,Tamil Nadu,India,0,New,Instagram & Facebook,04-09-2026,Not Contacted,No,Harish Kumar K,No Tag
630,Tejesh Sugan,Coimbatore,Tamil Nadu,India,0,New,Instagram & Facebook,04-09-2026,Not Contacted,No,Harish Kumar K,No Tag
631,Gokul Krishnan,Vellore,Tamil Nadu,India,0,New,Instagram & Facebook,04-09-2026,Not Contacted,No,Harish Kumar K,No Tag
632,Greates Yowel,Coimbatore,Tamil Nadu,India,0,New,Instagram & Facebook,04-09-2026,Not Contacted,No,Harish Kumar K,No Tag
633,Sathish Kumar M,Chennai,Tamil Nadu,India,0,New,India Smm Campaign,04-09-2026,Not Contacted,No,Prasanna S,No Tag
634,Milan Patnaik,Bhubaneswar,Tamil Nadu,India,0,New,India Smm Campaign,04-09-2026,Not Contacted,No,Prasanna S,No Tag
635,Karmegam Kani,Fgg,Tamil Nadu,India,0,New,India Smm Campaign,04-09-2026,Not Contacted,No,Prasanna S,No Tag
636,Raja,Vijayawada,Tamil Nadu,India,0,New,India Smm Campaign,04-09-2026,Not Contacted,No,Prasanna S,No Tag
637,Harish Lakkoju,Machilpatnam,Tamil Nadu,India,0,New,India Smm Campaign,04-09-2026,Not Contacted,No,Prasanna S,No Tag
638,Singh Photography,Trichy,Tamil Nadu,India,0,New,India Smm Campaign,04-09-2026,Not Contacted,No,Prasanna S,No Tag
639,Ramesh Iyer,Hyderabad,Tamil Nadu,India,0,New,India Smm Campaign,04-09-2026,Not Contacted,No,Prasanna S,No Tag
640,Gopala Krishnan,Chennai,Tamil Nadu,India,0,New,India Smm Campaign,04-09-2026,Not Contacted,No,Prasanna S,No Tag
641,Prasanna,None,Tamil Nadu,India,0,New,India Smm Campaign,04-09-2026,Not Contacted,No,Prasanna S,No Tag
642,Siva Shivani Emart,Vijayawada,Tamil Nadu,India,0,New,India Smm Campaign,04-09-2026,Not Contacted,No,Prasanna S,No Tag
643,Ram Prasad,Delhi,Tamil Nadu,India,0,New,India Smm Campaign,04-09-2026,Not Contacted,No,Prasanna S,No Tag
644,Deepak Sharma,Chennai,Tamil Nadu,India,0,New,India Smm Campaign,04-09-2026,Not Contacted,No,Prasanna S,No Tag
645,Sp,Hyderabad,Tamil Nadu,India,0,New,India Smm Campaign,04-09-2026,Not Contacted,No,Prasanna S,No Tag
646,Mnaherbal Gmail Com,Madurai,Tamil Nadu,India,0,New,India Smm Campaign,04-09-2026,Not Contacted,No,Prasanna S,No Tag
647,Kiran Sunkara,Hyderabad,Tamil Nadu,India,0,New,India Smm Campaign,04-09-2026,Not Contacted,No,Prasanna S,No Tag
648,Sundararaman Kl,Chennai,Tamil Nadu,India,0,New,India Smm Campaign,04-09-2026,Not Contacted,No,Prasanna S,No Tag
649,Durga Prasad Vasanthada,A,Tamil Nadu,India,0,New,India Smm Campaign,04-09-2026,Not Contacted,No,Prasanna S,No Tag
650,Rithin,Karur,Tamil Nadu,India,0,Not Interested,India Smm Campaign,04-09-2026,Not Contacted,No,Prasanna S,No Tag
651,Vinod Kumar,Hyderabad,Tamil Nadu,India,0,New,India Smm Campaign,04-09-2026,Not Contacted,No,Prasanna S,No Tag
652,Syed Imran,Coimbatore,Tamil Nadu,India,0,New,India Smm Campaign,04-09-2026,Not Contacted,No,Prasanna S,No Tag
653,Mohd Azam Uddin,Nizamabad,Tamil Nadu,India,0,New,India Smm Campaign,04-09-2026,Not Contacted,No,Prasanna S,No Tag
654,L Srinivaas,Hyderabad,Tamil Nadu,India,0,New,India Smm Campaign,04-09-2026,Not Contacted,No,Prasanna S,No Tag
655,Syed,Chennai,Tamil Nadu,India,0,New,India Smm Campaign,04-09-2026,Not Contacted,No,Prasanna S,No Tag
656,Bala Murugan,Chennai,Tamil Nadu,India,0,New,India Smm Campaign,04-09-2026,Not Contacted,No,Prasanna S,No Tag
657,Arjun Praba,Ariyalur,Tamil Nadu,India,0,New,India Smm Campaign,04-09-2026,Not Contacted,No,Prasanna S,No Tag
658,Ramesh,Coimbatore,Tamil Nadu,India,0,New,India Smm Campaign,04-09-2026,Not Contacted,No,Prasanna S,No Tag
659,Mani Kandan S,Gingee,Tamil Nadu,India,0,New,India Smm Campaign,04-09-2026,Not Contacted,No,Prasanna S,No Tag
660,Harikrishna Yadav Avula,Kalyandurg,Tamil Nadu,India,0,New,India Smm Campaign,04-09-2026,Not Contacted,No,Prasanna S,No Tag
661,Pastor Raju,Vijayawada,Tamil Nadu,India,0,New,India Smm Campaign,04-09-2026,Not Contacted,No,Prasanna S,No Tag
662,Suriya,Virudhunagar,Tamil Nadu,India,0,New,India Smm Campaign,04-09-2026,Not Contacted,No,Prasanna S,No Tag
663,Christopher,Madurai,Tamil Nadu,India,0,New,India Smm Campaign,04-09-2026,Not Contacted,No,Prasanna S,No Tag
664,Bakurdeen Ameerjan,Chennai,Tamil Nadu,India,0,New,India Smm Campaign,04-09-2026,Not Contacted,No,Prasanna S,No Tag
665,Bonam Murali Krishna,Hyderabad,Tamil Nadu,India,0,New,India Smm Campaign,04-09-2026,Not Contacted,No,Prasanna S,No Tag
666,Jaibharthmhaa,Krishnagiri Tn,Tamil Nadu,India,0,New,India Smm Campaign,04-09-2026,Not Contacted,No,Prasanna S,No Tag
667,Vumrao,Hyderabad,Tamil Nadu,India,0,New,India Smm Campaign,04-09-2026,Not Contacted,No,Prasanna S,No Tag
668,Hamesh,Chennai,Tamil Nadu,India,0,New,India Smm Campaign,04-09-2026,Not Contacted,No,Prasanna S,No Tag
669,Surender Pallerla,Karimnagar,Tamil Nadu,India,0,New,India Smm Campaign,04-09-2026,Not Contacted,No,Prasanna S,No Tag
670,Venkatesh Cheekati,Visakhapatnam,Tamil Nadu,India,0,New,India Smm Campaign,04-09-2026,Not Contacted,No,Prasanna S,No Tag
671,Unknown Name,Hyd,Tamil Nadu,India,0,New,India Smm Campaign,04-09-2026,Not Contacted,No,Prasanna S,No Tag
672,Ramesh,Hyd,Tamil Nadu,India,0,New,India Smm Campaign,04-09-2026,Not Contacted,No,Prasanna S,No Tag
673,Baskaran,Ooty,Tamil Nadu,India,0,New,India Smm Campaign,04-09-2026,Not Contacted,No,Prasanna S,No Tag
674,S Suresh,Chennai,Tamil Nadu,India,0,New,India Smm Campaign,04-09-2026,Not Contacted,No,Prasanna S,No Tag
675,Yeshwanth Yessi,Hyderabad,Tamil Nadu,India,0,New,India Smm Campaign,04-09-2026,Not Contacted,No,Prasanna S,No Tag
676,S Durga Prasad Rao,Visakhapatnam,Tamil Nadu,India,0,New,India Smm Campaign,04-09-2026,Not Contacted,No,Prasanna S,No Tag
677,Jaya Kumar,Ulundurpet,Tamil Nadu,India,0,New,India Smm Campaign,04-09-2026,Not Contacted,No,Prasanna S,No Tag
678,Govindh Gove,Hosur,Tamil Nadu,India,0,New,India Smm Campaign,04-09-2026,Not Contacted,No,Prasanna S,No Tag
679,A S Muralidharran,Chenni,Tamil Nadu,India,0,New,India Smm Campaign,04-09-2026,Not Contacted,No,Prasanna S,No Tag
680,Vasanth,Salem,Tamil Nadu,India,0,New,India Smm Campaign,04-09-2026,Not Contacted,No,Prasanna S,No Tag
681,M Yuvaraj,Salem,Tamil Nadu,India,0,New,India Smm Campaign,04-09-2026,Not Contacted,No,Prasanna S,No Tag
682,Babu,Chennai,Tamil Nadu,India,0,New,India Smm Campaign,04-09-2026,Not Contacted,No,Prasanna S,No Tag
683,Babu,Hyderabad,Tamil Nadu,India,0,New,India Smm Campaign,04-09-2026,Not Contacted,No,Prasanna S,No Tag
684,Surendra Mohan Rao Jasthi,Peddapuram,Tamil Nadu,India,0,New,India Smm Campaign,04-09-2026,Not Contacted,No,Prasanna S,No Tag
685,Lakshmanan,Chennai,Tamil Nadu,India,0,New,India Smm Campaign,04-09-2026,Not Contacted,No,Prasanna S,No Tag
686,Ashwini Selva Kumar,Chennai,Tamil Nadu,India,0,New,India Smm Campaign,04-09-2026,Not Contacted,No,Prasanna S,No Tag
687,Jeysun Energy,Perambalur,Tamil Nadu,India,0,New,India Smm Campaign,04-09-2026,Not Contacted,No,Prasanna S,No Tag
688,S S Perumal,Chennai,Tamil Nadu,India,0,New,India Smm Campaign,04-09-2026,Not Contacted,No,Prasanna S,No Tag
689,Bharathi Subramani,Chennai,Tamil Nadu,India,0,New,India Smm Campaign,04-09-2026,Not Contacted,No,Prasanna S,No Tag
690,Roman Bose,Hai Phong,Tamil Nadu,India,0,New,India Smm Campaign,04-09-2026,Not Contacted,No,Prasanna S,No Tag
691,Bhasker Pradeep,Visakhapatnam,Tamil Nadu,India,0,New,India Smm Campaign,04-09-2026,Not Contacted,No,Prasanna S,No Tag
692,Praveen,Hyderabad,Tamil Nadu,India,0,New,India Smm Campaign,04-09-2026,Not Contacted,No,Prasanna S,No Tag
693,Mehboob Sirnaik,Hyderabad,Tamil Nadu,India,0,New,India Smm Campaign,04-09-2026,Not Contacted,No,Prasanna S,No Tag
694,Venkateswararao Thota,Amaravati,Tamil Nadu,India,0,New,India Smm Campaign,04-09-2026,Not Contacted,No,Prasanna S,No Tag
695,Mugilan,Thuraiyur,Tamil Nadu,India,0,New,India Smm Campaign,04-09-2026,Not Contacted,No,Prasanna S,No Tag
696,Sechin Ks,Chennai,Tamil Nadu,India,0,New,India Smm Campaign,04-09-2026,Not Contacted,No,Prasanna S,No Tag
697,Aiswarya,Hyderabad,Tamil Nadu,India,0,New,India Smm Campaign,04-09-2026,Not Contacted,No,Prasanna S,No Tag
698,Nagesh Godishala,Hyderabad,Tamil Nadu,India,0,New,India Smm Campaign,04-09-2026,Not Contacted,No,Prasanna S,No Tag
699,Anil Bommeraboina,Warangal,Tamil Nadu,India,0,New,India Smm Campaign,04-09-2026,Not Contacted,No,Prasanna S,No Tag
700,Raj Patel,Hyderabad,Tamil Nadu,India,0,New,India Smm Campaign,04-09-2026,Not Contacted,No,Prasanna S,No Tag
701,Musafar Kani,Chennai,Tamil Nadu,India,0,New,India Smm Campaign,04-09-2026,Not Contacted,No,Prasanna S,No Tag
702,Visvanathan Dharapuram,Tirupur,Tamil Nadu,India,0,New,India Smm Campaign,04-09-2026,Not Contacted,No,Prasanna S,No Tag
703,Venkatesh Venkey,Jciguf,Tamil Nadu,India,0,Invalid,India Smm Campaign,04-09-2026,Not Contacted,Yes,Arut Selvan,No Tag
704,Sivakaran,Pondicherry,Tamil Nadu,India,0,New,India Smm Campaign,04-09-2026,Not Contacted,No,Prasanna S,No Tag
705,Manchala Laxman,Hyderabad,Tamil Nadu,India,0,New,India Smm Campaign,04-09-2026,Not Contacted,No,Prasanna S,No Tag
706,Paramala Kasi Viswanath,Tirupati,Tamil Nadu,India,0,New,India Smm Campaign,04-09-2026,Not Contacted,No,Prasanna S,No Tag
707,Nitish Kumar Raj,Adirampattinam,Tamil Nadu,India,0,New,India Smm Campaign,04-09-2026,Not Contacted,No,Prasanna S,No Tag
708,Anand Rao,Visakhapatnam,Tamil Nadu,India,0,New,India Smm Campaign,04-09-2026,Not Contacted,No,Prasanna S,No Tag
709,Nilesh Tipreswar,Hyderabad,Tamil Nadu,India,0,New,India Smm Campaign,04-09-2026,Not Contacted,No,Prasanna S,No Tag
710,Shana Medicals,Cuddalore,Tamil Nadu,India,0,New,India Smm Campaign,04-09-2026,Not Contacted,No,Prasanna S,No Tag
711,Elishala Safiya,Hyderabad,Tamil Nadu,India,0,New,India Smm Campaign,04-09-2026,Not Contacted,No,Prasanna S,No Tag
712,Hanumanth,Tenali,Tamil Nadu,India,0,New,India Smm Campaign,04-09-2026,Not Contacted,No,Prasanna S,No Tag
713,Rasheeda,Hyderabad,Tamil Nadu,India,0,New,India Smm Campaign,04-09-2026,Not Contacted,No,Prasanna S,No Tag
714,Katla Penchalanarasaiah,Spsr Nellore,Tamil Nadu,India,0,New,India Smm Campaign,04-09-2026,Not Contacted,No,Prasanna S,No Tag
715,Md Taqi,Narsapur,Tamil Nadu,India,0,New,India Smm Campaign,04-09-2026,Not Contacted,No,Prasanna S,No Tag
716,Unknown Name,Devipattinam,Tamil Nadu,India,0,Invalid,India Smm Campaign,04-09-2026,Not Contacted,Yes,Arut Selvan,No Tag
717,Jayaram,Mettuppalaiyam,Tamil Nadu,India,0,New,India Smm Campaign,04-09-2026,Not Contacted,No,Prasanna S,No Tag
718,Dhanasekaran,Coimbatore,Tamil Nadu,India,0,New,India Smm Campaign,04-09-2026,Not Contacted,No,Prasanna S,No Tag
719,Covai Selvaraj,Coimbatore,Tamil Nadu,India,0,New,India Smm Campaign,04-09-2026,Not Contacted,No,Prasanna S,No Tag
720,Javith Ahamed,Pondicherry,Tamil Nadu,India,0,New,India Smm Campaign,04-09-2026,Not Contacted,No,Prasanna S,No Tag
721,Amsath Meeran,Chennai,Tamil Nadu,India,0,New,India Smm Campaign,04-09-2026,Not Contacted,No,Prasanna S,No Tag
722,Senthilkumar,Kanchipuram,Tamil Nadu,India,0,New,India Smm Campaign,04-09-2026,Not Contacted,No,Prasanna S,No Tag
723,Nitin Sharma,Kagaznagar,Tamil Nadu,India,0,New,India Smm Campaign,04-09-2026,Not Contacted,No,Prasanna S,No Tag
724,P Mehta,Hyderabad,Tamil Nadu,India,0,New,India Smm Campaign,04-09-2026,Not Contacted,No,Prasanna S,No Tag
725,Mj Bhai,Nandyal,Tamil Nadu,India,0,New,India Smm Campaign,04-09-2026,Not Contacted,No,Prasanna S,No Tag
726,Jhonny Murali Naidu,Hyderabad,Tamil Nadu,India,0,New,India Smm Campaign,04-09-2026,Not Contacted,No,Prasanna S,No Tag
727,Agori Mani,Bhg,Tamil Nadu,India,0,Invalid,India Smm Campaign,04-09-2026,Not Contacted,Yes,Arut Selvan,No Tag
728,Sinja,Tirunelveli,Tamil Nadu,India,0,New,India Smm Campaign,04-09-2026,Not Contacted,No,Prasanna S,No Tag
729,Rockyram Rockyram,Madurai,Tamil Nadu,India,0,New,India Smm Campaign,04-09-2026,Not Contacted,No,Prasanna S,No Tag
730,Shekar Ramasamy,Hyderabad,Tamil Nadu,India,0,New,India Smm Campaign,04-09-2026,Not Contacted,No,Prasanna S,No Tag
731,Sakthivel,Bodinayakkanur,Tamil Nadu,India,0,New,India Smm Campaign,04-09-2026,Not Contacted,No,Prasanna S,No Tag
732,Vatada Suresh,Srikakulam,Tamil Nadu,India,0,New,India Smm Campaign,04-09-2026,Not Contacted,No,Prasanna S,No Tag
733,Kadhiresan Olympic Digital Prints,Chennai,Tamil Nadu,India,0,New,India Smm Campaign,04-09-2026,Not Contacted,No,Prasanna S,No Tag
734,Sabrina Van Decosta,Charleroi,Tamil Nadu,India,0,New,India Smm Campaign,04-09-2026,Not Contacted,No,Prasanna S,No Tag
735,Mahin Abubacker,Avadi,Tamil Nadu,India,0,New,India Smm Campaign,04-09-2026,Not Contacted,No,Prasanna S,No Tag
736,Rajesh Dhanasekar,Chennai,Tamil Nadu,India,0,New,India Smm Campaign,04-09-2026,Not Contacted,No,Prasanna S,No Tag
737,Travels Nilgiris,Chennai,Tamil Nadu,India,0,Not Answering,India Smm Campaign,04-09-2026,Not Contacted,Yes,Arut Selvan,No Tag
738,Veera,Y,Tamil Nadu,India,0,Invalid,India Smm Campaign,04-09-2026,Not Contacted,Yes,Arut Selvan,No Tag
739,Aamir,Hyderabad,Tamil Nadu,India,0,New,India Smm Campaign,04-09-2026,Not Contacted,No,Prasanna S,No Tag
740,Kiran Kumar,Hyderabad,Tamil Nadu,India,0,Looking For Job,India Smm Campaign,04-09-2026,Not Contacted,Yes,Arut Selvan,No Tag
741,Ashish Choudhary,Jabalpur,Tamil Nadu,India,0,Not Reachable,India Smm Campaign,04-09-2026,Not Contacted,Yes,Arut Selvan,No Tag
742,Malla Ramakrishna Rao,Visakhapatnam,Tamil Nadu,India,0,Invalid,India Smm Campaign,04-09-2026,Not Contacted,Yes,Arut Selvan,No Tag
743,Tarun Raj,Hyderabad,Tamil Nadu,India,0,Not Reachable,India Smm Campaign,04-09-2026,Not Contacted,Yes,Arut Selvan,No Tag
744,Yuvasri G,Mayiladuthurai,Tamil Nadu,India,0,Not Interested,India Smm Campaign,04-09-2026,Not Contacted,Yes,Arut Selvan,No Tag
745,Madhesh Madhaw,Dindigul,Tamil Nadu,India,0,Switched Off,India Smm Campaign,04-09-2026,Not Contacted,Yes,Arut Selvan,No Tag
746,Ranjith Krish,Mayiladuthurai,Tamil Nadu,India,0,Not Interested,India Smm Campaign,04-09-2026,Not Contacted,Yes,Arut Selvan,No Tag
747,Saba Begum,Hyderabad,Tamil Nadu,India,0,Not Answering,India Smm Campaign,04-09-2026,Not Contacted,Yes,Arut Selvan,No Tag
748,On Line Mart,Guntur,Tamil Nadu,India,0,Not Answering,India Smm Campaign,04-09-2026,Not Contacted,Yes,Arut Selvan,No Tag
749,Unknown Name,Ks,Tamil Nadu,India,0,Invalid,India Smm Campaign,04-09-2026,Not Contacted,Yes,Arut Selvan,No Tag
750,Sakthivel,Tamil Nadu Chidambaram,Tamil Nadu,India,0,Not Reachable,India Smm Campaign,04-09-2026,Not Contacted,Yes,Arut Selvan,No Tag
751,Elshaddai Abi,Madurai,Tamil Nadu,India,0,Switched Off,India Smm Campaign,04-09-2026,Not Contacted,Yes,Arut Selvan,No Tag
752,Partha,Chennai,Tamil Nadu,India,0,Not Answering,India Smm Campaign,04-09-2026,Not Contacted,Yes,Arut Selvan,No Tag
753,Arif Qayoom,Doda,Tamil Nadu,India,0,Not Answering,India Smm Campaign,04-09-2026,Not Contacted,Yes,Arut Selvan,No Tag
754,Kishore Kolluri,Hyderabad,Tamil Nadu,India,0,Not Reachable,India Smm Campaign,04-09-2026,Not Contacted,Yes,Arut Selvan,No Tag
755,Ragothaman Rajagopal,Chennai,Tamil Nadu,India,0,Not Interested,India Smm Campaign,04-09-2026,Not Contacted,Yes,Arut Selvan,No Tag
756,Junaid Islamjnd,Gn,Tamil Nadu,India,0,Invalid,India Smm Campaign,04-09-2026,Not Contacted,Yes,Arut Selvan,No Tag
757,Shanmuki Pragnya Eeti,Hyderabad,Tamil Nadu,India,0,Not Reachable,India Smm Campaign,04-09-2026,Not Contacted,Yes,Arut Selvan,No Tag
758,Mani,Madurai,Tamil Nadu,India,0,Wrong Lead,India Smm Campaign,04-09-2026,Not Contacted,Yes,Arut Selvan,No Tag
759,Kavitha,Madurai,Tamil Nadu,India,0,Not Interested,India Smm Campaign,04-09-2026,Not Contacted,Yes,Arut Selvan,No Tag
760,Siddu Dasari,Chennai,Tamil Nadu,India,0,Not Answering,India Smm Campaign,04-09-2026,Not Contacted,Yes,Arut Selvan,No Tag
761,Ywhdjd Yfgd,Chennai,Tamil Nadu,India,0,Not Answering,India Smm Campaign,04-09-2026,Not Contacted,Yes,Arut Selvan,No Tag
762,Sk,Neyveli,Tamil Nadu,India,0,Not Answering,India Smm Campaign,04-09-2026,Not Contacted,Yes,Arut Selvan,No Tag
763,Ashok,Hyderabad,Tamil Nadu,India,0,Invalid,India Smm Campaign,04-09-2026,Not Contacted,Yes,Arut Selvan,No Tag
764,Ggu,Ghh,Tamil Nadu,India,0,New,India Smm Campaign,04-09-2026,Not Contacted,No,Prasanna S,No Tag
765,Sravani Cherukupalli,Hyderabad,Tamil Nadu,India,0,Not Answering,India Smm Campaign,04-09-2026,Not Contacted,Yes,Arut Selvan,No Tag
766,Kalaislevan,Madipakkam,Tamil Nadu,India,0,Details Has Sent Through Whatsapp,India Smm Campaign,04-09-2026,Not Contacted,Yes,Arut Selvan,No Tag
767,Khaleel,Hyderabad,Tamil Nadu,India,0,Not Answering,India Smm Campaign,04-09-2026,Not Contacted,Yes,Arut Selvan,No Tag
768,Shankar Ks,Chennai,Tamil Nadu,India,0,Switched Off,India Smm Campaign,04-09-2026,Not Contacted,Yes,Arut Selvan,No Tag
769,Ramesh Janu,Chennai,Tamil Nadu,India,0,Not Interested,India Smm Campaign,04-09-2026,Not Contacted,Yes,Arut Selvan,No Tag
770,Santhosh,Salem,Tamil Nadu,India,0,Not Interested,India Smm Campaign,04-09-2026,Not Contacted,Yes,Arut Selvan,No Tag
771,Sirish,Hyderabad,Tamil Nadu,India,0,Invalid,India Smm Campaign,04-09-2026,Not Contacted,Yes,Arut Selvan,No Tag
772,Kunchamdaniel,Nellore,Tamil Nadu,India,0,Not Answering,India Smm Campaign,04-09-2026,Not Contacted,Yes,Arut Selvan,No Tag
773,Appu Deepan,Karur,Tamil Nadu,India,0,Invalid,India Smm Campaign,04-09-2026,Not Contacted,Yes,Arut Selvan,No Tag
774,Shanmugam,Dharmapuri,Tamil Nadu,India,0,Not Answering,India Smm Campaign,04-09-2026,Not Contacted,Yes,Arut Selvan,No Tag
775,Syk,Kakinada,Tamil Nadu,India,0,New,India Smm Campaign,04-09-2026,Not Contacted,No,Prasanna S,No Tag
776,Venkatesh Appala,Hyderabad,Tamil Nadu,India,0,New,India Smm Campaign,04-09-2026,Not Contacted,No,Prasanna S,No Tag
777,Chenchubabu,Yallasiri,Tamil Nadu,India,0,New,India Smm Campaign,04-09-2026,Not Contacted,No,Prasanna S,No Tag
778,Bukeshwaran S,Karaikudi,Tamil Nadu,India,0,New,India Smm Campaign,04-09-2026,Not Contacted,No,Prasanna S,No Tag
779,Kannan Sivagurunathan,Tuticorin,Tamil Nadu,India,0,New,India Smm Campaign,04-09-2026,Not Contacted,No,Prasanna S,No Tag
780,Pramod Biswal,Bhubneswar,Tamil Nadu,India,0,New,India Smm Campaign,04-09-2026,Not Contacted,No,Prasanna S,No Tag
781,Kjishnu,Pollachi,Tamil Nadu,India,0,New,India Smm Campaign,04-09-2026,Not Contacted,No,Prasanna S,No Tag
782,Saranya,Salem,Tamil Nadu,India,0,New,India Smm Campaign,04-09-2026,Not Contacted,No,Prasanna S,No Tag
783,Ponambalam,Chennai,Tamil Nadu,India,0,New,India Smm Campaign,04-09-2026,Not Contacted,No,Prasanna S,No Tag
784,Jeeva,Udaiyarpalaiyam,Tamil Nadu,India,0,New,India Smm Campaign,04-09-2026,Not Contacted,No,Prasanna S,No Tag
785,Kastala Chandrashekhar,Warangal,Tamil Nadu,India,0,New,India Smm Campaign,04-09-2026,Not Contacted,No,Prasanna S,No Tag
786,Dr Upendar Kasam,Hyderabad,Tamil Nadu,India,0,New,India Smm Campaign,04-09-2026,Not Contacted,No,Prasanna S,No Tag
787,Akhilesh,Hyderabad,Tamil Nadu,India,0,New,India Smm Campaign,04-09-2026,Not Contacted,No,Prasanna S,No Tag
788,Amc Mart,Chennai,Tamil Nadu,India,0,New,India Smm Campaign,04-09-2026,Not Contacted,No,Prasanna S,No Tag
789,Sadaram Lokesh,Visakhapatnam,Tamil Nadu,India,0,New,India Smm Campaign,04-09-2026,Not Contacted,No,Prasanna S,No Tag
790,Ponss Kp,Chennai,Tamil Nadu,India,0,New,India Smm Campaign,04-09-2026,Not Contacted,No,Prasanna S,No Tag
791,Adinarayana Nandikolla,Hyderabad,Tamil Nadu,India,0,New,India Smm Campaign,04-09-2026,Not Contacted,No,Prasanna S,No Tag
792,Warangal Nhvgbb,Warangal,Tamil Nadu,India,0,New,India Smm Campaign,04-09-2026,Not Contacted,No,Prasanna S,No Tag
793,Mohammed Ibrahim,Chennai,Tamil Nadu,India,0,New,India Smm Campaign,04-09-2026,Not Contacted,No,Prasanna S,No Tag
794,Ter,Chennai,Tamil Nadu,India,0,New,India Smm Campaign,04-09-2026,Not Contacted,No,Prasanna S,No Tag
795,Raja,Ariyalur,Tamil Nadu,India,0,New,India Smm Campaign,04-09-2026,Not Contacted,No,Prasanna S,No Tag
796,Sameer Babbu,Telangana,Tamil Nadu,India,0,New,India Smm Campaign,04-09-2026,Not Contacted,No,Prasanna S,No Tag
797,Pradeep N,Chennai,Tamil Nadu,India,0,New,India Smm Campaign,04-09-2026,Not Contacted,No,Prasanna S,No Tag
798,Urooj Khan,Hyderabad,Tamil Nadu,India,0,New,India Smm Campaign,04-09-2026,Not Contacted,No,Prasanna S,No Tag
799,Jay,Hyderabad,Tamil Nadu,India,0,New,India Smm Campaign,04-09-2026,Not Contacted,No,Prasanna S,No Tag
800,Vijay Venkata Subbarao S,Rajahmundry,Tamil Nadu,India,0,New,India Smm Campaign,04-09-2026,Not Contacted,No,Prasanna S,No Tag
801,Sandeep Kumar,Hyderabad,Tamil Nadu,India,0,New,India Smm Campaign,04-09-2026,Not Contacted,No,Prasanna S,No Tag
802,Doddagangadhar D Gangadhar,Ongole,Tamil Nadu,India,0,New,India Smm Campaign,04-09-2026,Not Contacted,No,Prasanna S,No Tag
803,Rajagopal,Chennai,Tamil Nadu,India,0,New,India Smm Campaign,04-09-2026,Not Contacted,No,Prasanna S,No Tag
804,Dhanush,Tirupur,Tamil Nadu,India,0,New,India Smm Campaign,04-09-2026,Not Contacted,No,Prasanna S,No Tag
805,Salem Karthikeyan Balaji,Salem,Tamil Nadu,India,0,New,India Smm Campaign,04-09-2026,Not Contacted,No,Prasanna S,No Tag
806,Angels Prints,Hyderabad,Tamil Nadu,India,0,New,India Smm Campaign,04-09-2026,Not Contacted,No,Prasanna S,No Tag
807,Nageswararao Sangati,Hyderabad,Tamil Nadu,India,0,New,India Smm Campaign,04-09-2026,Not Contacted,No,Prasanna S,No Tag
808,Subrata Maity,Chennai,Tamil Nadu,India,0,New,India Smm Campaign,04-09-2026,Not Contacted,No,Prasanna S,No Tag
809,Unknown Name,Upper Tirupati,Tamil Nadu,India,0,New,India Smm Campaign,04-09-2026,Not Contacted,No,Prasanna S,No Tag
810,Achyutha Ads Media,Hyderabad,Tamil Nadu,India,0,New,India Smm Campaign,04-09-2026,Not Contacted,No,Prasanna S,No Tag
811,Anil Kumar,Kochi,Tamil Nadu,India,0,New,India Smm Campaign,04-09-2026,Not Contacted,No,Prasanna S,No Tag
812,Vinoth Vinoth,Colachel,Tamil Nadu,India,0,New,India Smm Campaign,04-09-2026,Not Contacted,No,Prasanna S,No Tag
813,Surya,Chennai,Tamil Nadu,India,0,New,India Smm Campaign,04-09-2026,Not Contacted,No,Prasanna S,No Tag
814,Praveen Ellaiyan,Coimbatore,Tamil Nadu,India,0,New,India Smm Campaign,04-09-2026,Not Contacted,No,Prasanna S,No Tag
815,Malavath Gana,Young Rebal Star Gana,Tamil Nadu,India,0,New,India Smm Campaign,04-09-2026,Not Contacted,No,Prasanna S,No Tag
816,Varalakshmi,Srikakulam,Tamil Nadu,India,0,New,India Smm Campaign,04-09-2026,Not Contacted,No,Prasanna S,No Tag
817,Kalluri Surendra Reddy,Madurai,Tamil Nadu,India,0,New,India Smm Campaign,04-09-2026,Not Contacted,No,Prasanna S,No Tag
818,Raghu Chava,Visakhapatnam,Tamil Nadu,India,0,New,India Smm Campaign,04-09-2026,Not Contacted,No,Prasanna S,No Tag
819,Rahulyadav Manche,Chennai,Tamil Nadu,India,0,New,India Smm Campaign,04-09-2026,Not Contacted,No,Prasanna S,No Tag
820,Ranjith Vaiyapuri,Valapadi,Tamil Nadu,India,0,New,India Smm Campaign,04-09-2026,Not Contacted,No,Prasanna S,No Tag
821,Muthuvelduraiswamy Muthuvel Krubanithy,Madurai,Tamil Nadu,India,0,New,India Smm Campaign,04-09-2026,Not Contacted,No,Prasanna S,No Tag
822,Jaya Chandran,Nagari,Tamil Nadu,India,0,New,India Smm Campaign,04-09-2026,Not Contacted,No,Prasanna S,No Tag
823,Rajesh,India,Tamil Nadu,India,0,New,India Smm Campaign,04-09-2026,Not Contacted,No,Prasanna S,No Tag
824,A Subramanian,Tirunelveli,Tamil Nadu,India,0,New,India Smm Campaign,04-09-2026,Not Contacted,No,Prasanna S,No Tag
825,Lakshmikanth Marri,Visakhapatnam,Tamil Nadu,India,0,New,India Smm Campaign,04-09-2026,Not Contacted,No,Prasanna S,No Tag
826,Balakrishnan,Coimbatore,Tamil Nadu,India,0,New,India Smm Campaign,04-09-2026,Not Contacted,No,Prasanna S,No Tag
827,Rajagopal Krishnan,Chennai,Tamil Nadu,India,0,New,India Smm Campaign,04-09-2026,Not Contacted,No,Prasanna S,No Tag
828,Kotaiah Bonthu,Vizianagaram,Tamil Nadu,India,0,New,India Smm Campaign,04-09-2026,Not Contacted,No,Prasanna S,No Tag
829,Avijit Maity,Patashpur,Tamil Nadu,India,0,New,India Smm Campaign,04-09-2026,Not Contacted,No,Prasanna S,No Tag
830,Siva Ne San,Namakkal,Tamil Nadu,India,0,New,India Smm Campaign,04-09-2026,Not Contacted,No,Prasanna S,No Tag
831,Dr Siddiq Roshan Md Of Acu Cupping Therapist,Coimbatore,Tamil Nadu,India,0,New,India Smm Campaign,04-09-2026,Not Contacted,No,Prasanna S,No Tag
832,Sourendra Bandyopadhyay,Visakhapatnam,Tamil Nadu,India,0,New,India Smm Campaign,04-09-2026,Not Contacted,No,Prasanna S,No Tag
833,Nithiyanantham,Villupuram,Tamil Nadu,India,0,New,India Smm Campaign,04-09-2026,Not Contacted,No,Prasanna S,No Tag
834,P Sri,Armoor,Tamil Nadu,India,0,New,India Smm Campaign,04-09-2026,Not Contacted,No,Prasanna S,No Tag
835,Suresh Kumar,Tiruchirappalli,Tamil Nadu,India,0,New,India Smm Campaign,04-09-2026,Not Contacted,No,Prasanna S,No Tag
836,Venkateswara Rao Naidu,Hyderabad,Tamil Nadu,India,0,New,India Smm Campaign,04-09-2026,Not Contacted,No,Prasanna S,No Tag
837,Santhosh Prabhu,Chennai,Tamil Nadu,India,0,New,India Smm Campaign,04-09-2026,Not Contacted,No,Prasanna S,No Tag
838,Mareeswaran,Chennai,Tamil Nadu,India,0,New,India Smm Campaign,04-09-2026,Not Contacted,No,Prasanna S,No Tag
839,Vinoth Yt,Chennai,Tamil Nadu,India,0,New,India Smm Campaign,04-09-2026,Not Contacted,No,Prasanna S,No Tag
840,Kowsalya V,Salem,Tamil Nadu,India,0,New,India Smm Campaign,04-09-2026,Not Contacted,No,Prasanna S,No Tag
841,Thilakan Moorthy,Chennai,Tamil Nadu,India,0,New,India Smm Campaign,04-09-2026,Not Contacted,No,Prasanna S,No Tag
842,Mani,Chennai,Tamil Nadu,India,0,New,India Smm Campaign,04-09-2026,Not Contacted,No,Prasanna S,No Tag
843,Balram Rathod,Hyderabad,Tamil Nadu,India,0,New,India Smm Campaign,04-09-2026,Not Contacted,No,Prasanna S,No Tag
844,Smart Investing Plus,Hyderabad,Tamil Nadu,India,0,New,India Smm Campaign,04-09-2026,Not Contacted,No,Prasanna S,No Tag
845,Malik,Hyderabad,Tamil Nadu,India,0,New,India Smm Campaign,04-09-2026,Not Contacted,No,Prasanna S,No Tag
846,Praveen Kumar,Araku,Tamil Nadu,India,0,New,India Smm Campaign,04-09-2026,Not Contacted,No,Prasanna S,No Tag
847,Ramakrishna Yannam,Vijayawada,Tamil Nadu,India,0,New,India Smm Campaign,04-09-2026,Not Contacted,No,Prasanna S,No Tag
848,Santhosh Nmk,Pondicherry,Tamil Nadu,India,0,New,India Smm Campaign,04-09-2026,Not Contacted,No,Prasanna S,No Tag
849,Unknown Name,Polavaram,Tamil Nadu,India,0,New,India Smm Campaign,04-09-2026,Not Contacted,No,Prasanna S,No Tag
850,Praveen Kumar,Chennai,Tamil Nadu,India,0,Wrong Lead,India Smm Campaign,04-09-2026,Not Contacted,Yes,Prasanna S,Wrong Number 3/2/25
851,Shiva Kumar,Hyderabad,Tamil Nadu,India,0,Wrong Lead,India Smm Campaign,04-09-2026,Not Contacted,Yes,Prasanna S,Number Not In Use 3/2/25
852,Rajkabur Afzal,Palladam,Tamil Nadu,India,0,Not Answering,India Smm Campaign,04-09-2026,Not Contacted,Yes,Prasanna S,Not Answering 3/2/25
853,Anil Gudavalli,Guntur Dist,Tamil Nadu,India,0,Not Interested,India Smm Campaign,04-09-2026,Not Contacted,Yes,Prasanna S,He Did Not Enquired 3/2/25
854,Zakirvision,Kurnool,Tamil Nadu,India,0,Invalid,India Smm Campaign,04-09-2026,Not Contacted,Yes,Prasanna S,Hindi Call 3/2/25
855,Mohammed Yaser,Hyderabad,Tamil Nadu,India,0,Not Answering,India Smm Campaign,04-09-2026,Not Contacted,Yes,Prasanna S,Not Answering 3/2/25
856,Suhith,Coimbatore,Tamil Nadu,India,0,Followup,India Smm Campaign,04-09-2026,Not Contacted,Yes,Prasanna S,Need To Call Tomorrow Morning 3/2/25
857,Bunny,Hyderabad,Tamil Nadu,India,0,Invalid,India Smm Campaign,04-09-2026,Not Contacted,Yes,Prasanna S,Hindi Call 3/2/25
858,Sasti Tharan J,Nannilam,Tamil Nadu,India,0,Not Reachable,India Smm Campaign,04-09-2026,Not Contacted,Yes,Prasanna S,Not Reachable 3/2/25
859,Rajkumar Rajkumar,Karimangar,Tamil Nadu,India,0,Switched Off,India Smm Campaign,04-09-2026,Not Contacted,Yes,Prasanna S,Switch Off 3/2/25
860,Pallapu Sammaiah,Kazipet,Tamil Nadu,India,0,Not Reachable,India Smm Campaign,04-09-2026,Not Contacted,Yes,Prasanna S,Not Reachable 3/2/25
861,Rehan,Karimnagar,Tamil Nadu,India,0,New,India Smm Campaign,04-09-2026,Not Contacted,No,Prasanna S,No Tag
862,Uma Maheswararao,Visakhapatnam,Tamil Nadu,India,0,New,India Smm Campaign,04-09-2026,Not Contacted,No,Prasanna S,No Tag
863,Sreeharsha Uttara,Anannthagiripally,Tamil Nadu,India,0,New,India Smm Campaign,04-09-2026,Not Contacted,No,Prasanna S,No Tag
864,Dharmendra Kumar,Odisha,Tamil Nadu,India,0,New,India Smm Campaign,04-09-2026,Not Contacted,No,Prasanna S,No Tag
865,Demo Tents,Hyderabad,Tamil Nadu,India,0,New,India Smm Campaign,04-09-2026,Not Contacted,No,Prasanna S,No Tag
866,Abdul Bari,Hyderabad,Tamil Nadu,India,0,New,India Smm Campaign,04-09-2026,Not Contacted,No,Prasanna S,No Tag
867,Dear Comrade,Repalle,Tamil Nadu,India,0,New,India Smm Campaign,04-09-2026,Not Contacted,No,Prasanna S,No Tag
868,Kesavulu,Hyderabad,Tamil Nadu,India,0,New,India Smm Campaign,04-09-2026,Not Contacted,No,Prasanna S,No Tag
869,Alnoor,Hyderabad,Tamil Nadu,India,0,New,India Smm Campaign,04-09-2026,Not Contacted,No,Prasanna S,No Tag
870,Althaf,Chilakaluripet,Tamil Nadu,India,0,New,India Smm Campaign,04-09-2026,Not Contacted,No,Prasanna S,No Tag
871,Satish,Hyderabad,Tamil Nadu,India,0,New,India Smm Campaign,04-09-2026,Not Contacted,No,Prasanna S,No Tag
872,Karthick,Chennai,Tamil Nadu,India,0,Not Interested,Chennai Database,04-09-2026,Not Contacted,No,Harish Kumar K,No Tag
873,Arun Kumar,Chennai,Tamil Nadu,India,0,Not Answering,Chennai Database,04-09-2026,Not Contacted,No,Harish Kumar K,No Tag
874,Shiva Kumar,Chennai,Tamil Nadu,India,0,Not Interested,Chennai Database,04-09-2026,Not Contacted,No,Harish Kumar K,No Tag
875,Sam,Chennai,Tamil Nadu,India,0,Not Answering,Chennai Database,04-09-2026,Not Contacted,No,Harish Kumar K,No Tag
876,Karthick,Chennai,Tamil Nadu,India,0,Not Answering,Chennai Database,04-09-2026,Not Contacted,No,Harish Kumar K,No Tag
877,Babu,Chennai,Tamil Nadu,India,0,Not Interested,Chennai Database,04-09-2026,Not Contacted,No,Harish Kumar K,No Tag
878,Narayana,Chennai,Tamil Nadu,India,0,Not Interested,Chennai Database,04-09-2026,Not Contacted,No,Harish Kumar K,No Tag
879,Paul John,Chennai,Tamil Nadu,India,0,Not Interested,Chennai Database,04-09-2026,Not Contacted,No,Harish Kumar K,No Tag
880,Chandrasekar,Chennai,Tamil Nadu,India,0,Not Answering,Chennai Database,04-09-2026,Not Contacted,No,Harish Kumar K,No Tag
881,Chenthil,Chennai,Tamil Nadu,India,0,Not Answering,Chennai Database,04-09-2026,Not Contacted,No,Harish Kumar K,No Tag
882,Christopher,Chennai,Tamil Nadu,India,0,Not Interested,Chennai Database,04-09-2026,Not Contacted,No,Harish Kumar K,No Tag
883,Kumar,Chennai,Tamil Nadu,India,0,Not Interested,Chennai Database,04-09-2026,Not Contacted,No,Harish Kumar K,No Tag
884,Kumar,Chennai,Tamil Nadu,India,0,Not Interested,Chennai Database,04-09-2026,Not Contacted,No,Harish Kumar K,No Tag
885,Vijay,Chennai,Tamil Nadu,India,0,Not Answering,Chennai Database,04-09-2026,Not Contacted,No,Harish Kumar K,No Tag
886,Deva Raj,Chennai,Tamil Nadu,India,0,Wrong Lead,Chennai Database,04-09-2026,Not Contacted,No,Harish Kumar K,No Tag
887,Mohamed Sultan,Chennai,Tamil Nadu,India,0,Not Interested,Chennai Database,1713-01-27,1713-01-27,No,Harish Kumar K,No Tag
888,Kannan,Chennai,Tamil Nadu,India,0,Not Answering,Chennai Database,1713-01-27,1713-01-27,No,Harish Kumar K,No Tag
889,Hari,Chennai,Tamil Nadu,India,0,Not Answering,Chennai Database,1713-02-27,1713-02-27,No,Harish Kumar K,No Tag
890,Murugan,Chennai,Tamil Nadu,India,0,Already Have One,Chennai Database,1713-03-27,1713-03-27,No,Harish Kumar K,No Tag
891,Murugan,Chennai,Tamil Nadu,India,0,Out Of Service,Chennai Database,1713-05-27,1713-05-27,No,Harish Kumar K,No Tag
892,Babu,Chennai,Tamil Nadu,India,0,Not Interested,Chennai Database,1713-06-27,1713-06-27,No,Harish Kumar K,No Tag
893,Udhya Kumar,Chennai,Tamil Nadu,India,0,Not Interested,Chennai Database,1713-08-27,1713-08-27,No,Harish Kumar K,No Tag
894,Hari Govinda Swamy,Chennai,Tamil Nadu,India,0,Not Interested,Chennai Database,1713-10-27,1713-10-27,No,Harish Kumar K,No Tag
895,Hari Govinda Swamy,Chennai,Tamil Nadu,India,0,Not Interested,Chennai Database,1713-10-27,1713-10-27,No,Harish Kumar K,No Tag
896,Rajasekar,Chennai,Tamil Nadu,India,0,Not Interested,Chennai Database,1713-12-27,1713-12-27,No,Harish Kumar K,No Tag
897,Durairaj,Chennai,Tamil Nadu,India,0,Not Interested,Chennai Database,04-09-2026,Not Contacted,No,Harish Kumar K,No Tag
898,Ajit Kumar,Chennai,Tamil Nadu,India,0,Not Interested,Chennai Database,04-09-2026,Not Contacted,No,Harish Kumar K,No Tag
899,Raghuraghavendra,Chennai,Tamil Nadu,India,0,Not Interested,Chennai Database,04-09-2026,Not Contacted,No,Harish Kumar K,No Tag
900,Rajan,Chennai,Tamil Nadu,India,0,Not Answering,Chennai Database,04-09-2026,Not Contacted,No,Harish Kumar K,No Tag
901,Srinivasan,Chennai,Tamil Nadu,India,0,Not Interested,Chennai Database,04-09-2026,Not Contacted,No,Harish Kumar K,No Tag
902,Mohan,Chennai,Tamil Nadu,India,0,Not Interested,Chennai Database,04-09-2026,Not Contacted,No,Harish Kumar K,No Tag
903,Imran,Chennai,Tamil Nadu,India,0,Not Answering,Chennai Database,04-09-2026,Not Contacted,No,Harish Kumar K,No Tag
904,Suresh,Chennai,Tamil Nadu,India,0,Not Answering,Chennai Database,04-09-2026,Not Contacted,No,Harish Kumar K,No Tag
905,Manoj,Chennai,Tamil Nadu,India,0,Not Answering,Chennai Database,04-09-2026,Not Contacted,No,Harish Kumar K,No Tag
906,Raja,Chennai,Tamil Nadu,India,0,Already Have One,Chennai Database,04-09-2026,Not Contacted,No,Harish Kumar K,No Tag
907,Mariyappan,Chennai,Tamil Nadu,India,0,Already Have One,Chennai Database,04-09-2026,Not Contacted,No,Harish Kumar K,No Tag
908,Srinivasan,Chennai,Tamil Nadu,India,0,Not Answering,Chennai Database,04-09-2026,Not Contacted,No,Harish Kumar K,No Tag
909,Bibin,Chennai,Tamil Nadu,India,0,Out Of Service,Chennai Database,04-09-2026,Not Contacted,No,Harish Kumar K,No Tag
910,Mohammad,Chennai,Tamil Nadu,India,0,Not Interested,Chennai Database,04-09-2026,Not Contacted,No,Harish Kumar K,No Tag
911,Gurusamy,Chennai,Tamil Nadu,India,0,Not Answering,Chennai Database,04-09-2026,Not Contacted,No,Harish Kumar K,No Tag
912,Anbu,Chennai,Tamil Nadu,India,0,On Process,Chennai Database,04-09-2026,Not Contacted,No,Harish Kumar K,No Tag
913,Rajpandian,Chennai,Tamil Nadu,India,0,Not Interested,Chennai Database,04-09-2026,Not Contacted,No,Harish Kumar K,No Tag
914,Rajendra Kumar,Chennai,Tamil Nadu,India,0,Details Has Sent Through Whatsapp,Chennai Database,04-09-2026,Not Contacted,No,Harish Kumar K,No Tag
915,Baskaran,Chennai,Tamil Nadu,India,0,Not Answering,Chennai Database,04-09-2026,Not Contacted,No,Harish Kumar K,No Tag
916,Nisar,Chennai,Tamil Nadu,India,0,Not Interested,Chennai Database,04-09-2026,Not Contacted,No,Harish Kumar K,No Tag
917,Lokesh,Chennai,Tamil Nadu,India,0,Not Interested,Chennai Database,04-09-2026,Not Contacted,No,Harish Kumar K,No Tag
918,Kumar,Chennai,Tamil Nadu,India,0,Invalid,Chennai Database,04-09-2026,Not Contacted,No,Harish Kumar K,No Tag
919,Sundarapandi,Chennai,Tamil Nadu,India,0,Not Interested,Chennai Database,04-09-2026,Not Contacted,No,Harish Kumar K,No Tag
920,Madhan Kumar,Chennai,Tamil Nadu,India,0,Not Interested,Chennai Database,04-09-2026,Not Contacted,No,Harish Kumar K,No Tag
921,Narayana Babu,Chennai,Tamil Nadu,India,0,Not Interested,Chennai Database,04-09-2026,Not Contacted,No,Harish Kumar K,No Tag
922,Kamal,Chennai,Tamil Nadu,India,0,Not Interested,Chennai Database,04-09-2026,Not Contacted,No,Harish Kumar K,No Tag
923,Vinoth Kumar,Chennai,Tamil Nadu,India,0,Not Interested,Chennai Database,04-09-2026,Not Contacted,No,Harish Kumar K,No Tag
924,Ghose,Chennai,Tamil Nadu,India,0,Not Interested,Chennai Database,04-09-2026,Not Contacted,No,Harish Kumar K,No Tag
925,Chandrakanth,Chennai,Tamil Nadu,India,0,Not Interested,Chennai Database,04-09-2026,Not Contacted,No,Harish Kumar K,No Tag
926,Vinod Kumar,Chennai,Tamil Nadu,India,0,Invalid,Chennai Database,04-09-2026,Not Contacted,No,Harish Kumar K,No Tag
927,Mohanbabu,Chennai,Tamil Nadu,India,0,Not Answering,Chennai Database,04-09-2026,Not Contacted,No,Harish Kumar K,No Tag
928,Ahmed,Chennai,Tamil Nadu,India,0,Not Interested,Chennai Database,04-09-2026,Not Contacted,No,Harish Kumar K,No Tag
929,Moorthy,Chennai,Tamil Nadu,India,0,Not Interested,Chennai Database,04-09-2026,Not Contacted,No,Harish Kumar K,No Tag
930,Thana Singh,Chennai,Tamil Nadu,India,0,Already Have One,Chennai Database,04-09-2026,Not Contacted,No,Harish Kumar K,No Tag
931,Manickam,Chennai,Tamil Nadu,India,0,Not Reachable,Chennai Database,04-09-2026,Not Contacted,No,Harish Kumar K,No Tag
932,Talha,Chennai,Tamil Nadu,India,0,Not Answering,Chennai Database,04-09-2026,Not Contacted,No,Harish Kumar K,No Tag
933,Sekar,Chennai,Tamil Nadu,India,0,Not Interested,Chennai Database,04-09-2026,Not Contacted,No,Harish Kumar K,No Tag
934,Saravanan,Chennai,Tamil Nadu,India,0,Invalid,Chennai Database,04-09-2026,Not Contacted,No,Harish Kumar K,No Tag
935,Dachina Moorthy,Chennai,Tamil Nadu,India,0,Not Answering,Chennai Database,04-09-2026,Not Contacted,No,Harish Kumar K,No Tag
936,Natarajan,Chennai,Tamil Nadu,India,0,Not Interested,Chennai Database,04-09-2026,Not Contacted,No,Harish Kumar K,No Tag
937,N Ramesh,Chennai,Tamil Nadu,India,0,Not Answering,Chennai Database,04-09-2026,Not Contacted,No,Harish Kumar K,No Tag
938,Arul,Chennai,Tamil Nadu,India,0,Not Answering,Chennai Database,04-09-2026,Not Contacted,No,Harish Kumar K,No Tag
939,Saravanan,Chennai,Tamil Nadu,India,0,Invalid,Chennai Database,04-09-2026,Not Contacted,No,Harish Kumar K,No Tag
940,Kumar,Chennai,Tamil Nadu,India,0,Not Interested,Chennai Database,04-09-2026,Not Contacted,No,Harish Kumar K,No Tag
941,Revathi,Chennai,Tamil Nadu,India,0,Not Interested,Chennai Database,04-09-2026,Not Contacted,No,Harish Kumar K,No Tag
942,Ramesh,Chennai,Tamil Nadu,India,0,Not Interested,Chennai Database,04-09-2026,Not Contacted,No,Harish Kumar K,No Tag
943,Prasad,Chennai,Tamil Nadu,India,0,Invalid,Chennai Database,04-09-2026,Not Contacted,No,Harish Kumar K,No Tag
944,Adaikkala,Chennai,Tamil Nadu,India,0,Not Answering,Chennai Database,04-09-2026,Not Contacted,No,Harish Kumar K,No Tag
945,Gnaanasekar,Chennai,Tamil Nadu,India,0,Not Answering,Chennai Database,04-09-2026,Not Contacted,No,Harish Kumar K,No Tag
946,Ravi,Chennai,Tamil Nadu,India,0,Invalid,Chennai Database,04-09-2026,Not Contacted,No,Harish Kumar K,No Tag
947,Mohammad Imran,Chennai,Tamil Nadu,India,0,Not Interested,Chennai Database,04-09-2026,Not Contacted,No,Harish Kumar K,No Tag
948,Siva,Chennai,Tamil Nadu,India,0,Not Interested,Chennai Database,04-09-2026,Not Contacted,No,Harish Kumar K,No Tag
949,Suresh,Chennai,Tamil Nadu,India,0,Need To Get Requirements,Chennai Database,04-09-2026,Not Contacted,No,Harish Kumar K,No Tag
950,P Balaji,Chennai,Tamil Nadu,India,0,Not Reachable,Chennai Database,04-09-2026,Not Contacted,No,Harish Kumar K,No Tag
951,Praveen,Chennai,Tamil Nadu,India,0,Not Interested,Chennai Database,04-09-2026,Not Contacted,No,Harish Kumar K,No Tag
952,Zulfiq,Chennai,Tamil Nadu,India,0,Invalid,Chennai Database,04-09-2026,Not Contacted,No,Harish Kumar K,No Tag
953,Manickam,Chennai,Tamil Nadu,India,0,Not Answering,Chennai Database,04-09-2026,Not Contacted,No,Harish Kumar K,No Tag
954,Jai Kumar,Chennai,Tamil Nadu,India,0,Not Answering,Chennai Database,04-09-2026,Not Contacted,No,Harish Kumar K,No Tag
955,Kumar,Chennai,Tamil Nadu,India,0,Not Answering,Chennai Database,04-09-2026,Not Contacted,No,Harish Kumar K,No Tag
956,Puzhaendhi,Chennai,Tamil Nadu,India,0,Details Has Sent Through Whatsapp,Chennai Database,04-09-2026,Not Contacted,No,Harish Kumar K,No Tag
957,Arumugam,Chennai,Tamil Nadu,India,0,Not Answering,Chennai Database,04-09-2026,Not Contacted,No,Harish Kumar K,No Tag
958,Ramachandran,Chennai,Tamil Nadu,India,0,Invalid,Chennai Database,04-09-2026,Not Contacted,No,Harish Kumar K,No Tag
959,Sakthivel,Chennai,Tamil Nadu,India,0,Not Answering,Chennai Database,04-09-2026,Not Contacted,No,Harish Kumar K,No Tag
960,T K Hemanth,Chennai,Tamil Nadu,India,0,Invalid,Chennai Database,04-09-2026,Not Contacted,No,Harish Kumar K,No Tag
961,Lokesh,Chennai,Tamil Nadu,India,0,Not Interested,Chennai Database,04-09-2026,Not Contacted,No,Harish Kumar K,No Tag
962,Karan,Chennai,Tamil Nadu,India,0,Not Interested,Chennai Database,04-09-2026,Not Contacted,No,Harish Kumar K,No Tag
963,Balaji,Chennai,Tamil Nadu,India,0,Not Interested,Chennai Database,04-09-2026,Not Contacted,No,Harish Kumar K,No Tag
964,S Saravanan,Chennai,Tamil Nadu,India,0,Not Answering,Chennai Database,04-09-2026,Not Contacted,No,Harish Kumar K,No Tag
965,S Saravanan,Chennai,Tamil Nadu,India,0,Not Answering,Chennai Database,04-09-2026,Not Contacted,No,Harish Kumar K,No Tag
966,S Saravanan,Chennai,Tamil Nadu,India,0,Not Answering,Chennai Database,04-09-2026,Not Contacted,No,Harish Kumar K,No Tag
967,Balaji Travels,Chennai,Tamil Nadu,India,0,Not Interested,Chennai Database,04-09-2026,Not Contacted,No,Harish Kumar K,No Tag
968,Managing Director,Chennai,Tamil Nadu,India,0,Not Answering,Chennai Database,04-09-2026,Not Contacted,No,Harish Kumar K,No Tag
969,Shreedhar,Chennai,Tamil Nadu,India,0,Call Later,Chennai Database,04-09-2026,Not Contacted,No,Harish Kumar K,No Tag
970,Rajesh,Chennai,Tamil Nadu,India,0,Not Answering,Chennai Database,04-09-2026,Not Contacted,No,Harish Kumar K,No Tag
971,Raj,Chennai,Tamil Nadu,India,0,Not Answering,Chennai Database,04-09-2026,Not Contacted,No,Harish Kumar K,No Tag
972,Vijay Shankar,Chennai,Tamil Nadu,India,0,Invalid,Chennai Database,04-09-2026,Not Contacted,No,Harish Kumar K,No Tag
973,Kumar,Chennai,Tamil Nadu,India,0,Out Of Service,Chennai Database,04-09-2026,Not Contacted,No,Harish Kumar K,No Tag
974,P R Ravichandran,Chennai,Tamil Nadu,India,0,Not Interested,Chennai Database,04-09-2026,Not Contacted,No,Harish Kumar K,No Tag
975,Kumar,Chennai,Tamil Nadu,India,0,Not Reachable,Chennai Database,04-09-2026,Not Contacted,No,Harish Kumar K,No Tag
976,Rajagopal,Chennai,Tamil Nadu,India,0,Not Interested,Chennai Database,04-09-2026,Not Contacted,No,Harish Kumar K,No Tag
977,Arun,Chennai,Tamil Nadu,India,0,Not Reachable,Chennai Database,04-09-2026,Not Contacted,No,Harish Kumar K,No Tag
978,Tapan Kumar,Chennai,Tamil Nadu,India,0,Not Answering,Chennai Database,04-09-2026,Not Contacted,No,Harish Kumar K,No Tag
979,Sundaram,Chennai,Tamil Nadu,India,0,Invalid,Chennai Database,04-09-2026,Not Contacted,No,Harish Kumar K,No Tag
980,Vijaya,Chennai,Tamil Nadu,India,0,Not Reachable,Chennai Database,04-09-2026,Not Contacted,No,Harish Kumar K,No Tag
981,Sujendran,Chennai,Tamil Nadu,India,0,Not Interested,Chennai Database,04-09-2026,Not Contacted,No,Harish Kumar K,No Tag
982,Selvam,Chennai,Tamil Nadu,India,0,Not Answering,Chennai Database,04-09-2026,Not Contacted,No,Harish Kumar K,No Tag
983,Ritesh,Chennai,Tamil Nadu,India,0,Not Interested,Chennai Database,04-09-2026,Not Contacted,No,Harish Kumar K,No Tag
984,Abraham,Chennai,Tamil Nadu,India,0,Not Interested,Chennai Database,04-09-2026,Not Contacted,No,Harish Kumar K,No Tag
985,Jones,Chennai,Tamil Nadu,India,0,Not Answering,Chennai Database,04-09-2026,Not Contacted,No,Harish Kumar K,No Tag
986,R Sakthi,Chennai,Tamil Nadu,India,0,Not Answering,India Smm Campaign,04-09-2026,Not Contacted,No,Harish Kumar K,No Tag
987,D Vicky,Chennai,Tamil Nadu,India,0,Not Interested,India Smm Campaign,04-09-2026,Not Contacted,No,Harish Kumar K,No Tag
988,Balaji Chidambaram,Chennai,Tamil Nadu,India,0,Followup,India Smm Campaign,04-09-2026,Not Contacted,No,Harish Kumar K,No Tag
989,D L Saranraj,Chennai,Tamil Nadu,India,0,Not Answering,India Smm Campaign,04-09-2026,Not Contacted,No,Harish Kumar K,No Tag
990,Jewellery Town,Chennai,Tamil Nadu,India,0,Not Interested,India Smm Campaign,04-09-2026,Not Contacted,No,Harish Kumar K,No Tag
991,Poovai S Prabu,Chennai,Tamil Nadu,India,0,Not Answering,India Smm Campaign,04-09-2026,Not Contacted,No,Harish Kumar K,No Tag
992,Vb Bharani Vb Bharani,Chennai,Tamil Nadu,India,0,Not Answering,India Smm Campaign,04-09-2026,Not Contacted,No,Harish Kumar K,No Tag
993,R Ajithkumar,Chennai,Tamil Nadu,India,0,Not Answering,India Smm Campaign,04-09-2026,Not Contacted,No,Harish Kumar K,No Tag
994,Karthikeyan P,Chennai,Tamil Nadu,India,0,Not Answering,India Smm Campaign,04-09-2026,Not Contacted,No,Harish Kumar K,No Tag
995,Siva Sai,Chennai,Tamil Nadu,India,0,Not Interested,India Smm Campaign,04-09-2026,Not Contacted,No,Harish Kumar K,No Tag
996,Siva Dharma,Chennai,Tamil Nadu,India,0,Call Later,India Smm Campaign,04-09-2026,Not Contacted,No,Harish Kumar K,No Tag
997,Bala Vignesh,Chennai,Tamil Nadu,India,0,Not Answering,India Smm Campaign,04-09-2026,Not Contacted,No,Harish Kumar K,No Tag
998,Nattu Natraj,Chennai,Tamil Nadu,India,0,Call Later,India Smm Campaign,04-09-2026,Not Contacted,No,Harish Kumar K,No Tag
999,Zeme Newben,Chennai,Tamil Nadu,India,0,Not Answering,India Smm Campaign,04-09-2026,Not Contacted,No,Harish Kumar K,No Tag
1000,Zeme Newben,Chennai,Tamil Nadu,India,0,Not Answering,India Smm Campaign,04-09-2026,Not Contacted,No,Harish Kumar K,No Tag
1001,Arul,Chennai,Tamil Nadu,India,0,Call Later,India Smm Campaign,04-09-2026,Not Contacted,No,Harish Kumar K,No Tag
1002,Theena Karan,Chennai,Tamil Nadu,India,0,Call Later,India Smm Campaign,04-09-2026,Not Contacted,No,Harish Kumar K,No Tag
1003,Jaya R,Chennai,Tamil Nadu,India,0,Not Answering,India Smm Campaign,04-09-2026,Not Contacted,No,Harish Kumar K,No Tag
1004,Dxn Dxn,Chennai,Tamil Nadu,India,0,Not Answering,India Smm Campaign,04-09-2026,Not Contacted,No,Harish Kumar K,No Tag
1005,Pandian Builders,Chennai,Tamil Nadu,India,0,Not Answering,India Smm Campaign,04-09-2026,Not Contacted,No,Harish Kumar K,No Tag
1006,L Loth,Chennai,Tamil Nadu,India,0,Not Answering,India Smm Campaign,04-09-2026,Not Contacted,No,Harish Kumar K,No Tag
1007,Sathish Kumar,Chennai,Tamil Nadu,India,0,Call Later,India Smm Campaign,04-09-2026,Not Contacted,No,Harish Kumar K,No Tag
1008,Rsathya,Chennai,Tamil Nadu,India,0,Not Answering,India Smm Campaign,04-09-2026,Not Contacted,No,Harish Kumar K,No Tag
1009,Elan Thamilan,Chennai,Tamil Nadu,India,0,Call Later,India Smm Campaign,04-09-2026,Not Contacted,No,Harish Kumar K,No Tag
1010,Thandavachari Adhi,Chennai,Tamil Nadu,India,0,Not Answering,India Smm Campaign,04-09-2026,Not Contacted,No,Harish Kumar K,No Tag
1011,Mahaveer Kumar Jain B,Chennai,Tamil Nadu,India,0,Not Answering,India Smm Campaign,04-09-2026,Not Contacted,No,Harish Kumar K,No Tag
1012,B E Gkp,Chennai,Tamil Nadu,India,0,Not Answering,India Smm Campaign,04-09-2026,Not Contacted,No,Harish Kumar K,No Tag
1013,Revanth Bas Vijayabaskar,Chennai,Tamil Nadu,India,0,Followup,India Smm Campaign,04-09-2026,Not Contacted,No,Harish Kumar K,No Tag
1014,Madras Events Production,Chennai,Tamil Nadu,India,0,Not Answering,India Smm Campaign,04-09-2026,Not Contacted,No,Harish Kumar K,No Tag
1015,Ilaiyaraja,Chennai,Tamil Nadu,India,0,Not Answering,India Smm Campaign,04-09-2026,Not Contacted,No,Harish Kumar K,No Tag
1016,Ketki,Chennai,Tamil Nadu,India,0,Not Answering,India Smm Campaign,04-09-2026,Not Contacted,No,Harish Kumar K,No Tag
1017,Gnana Kumar K,Chennai,Tamil Nadu,India,0,Not Answering,India Smm Campaign,04-09-2026,Not Contacted,No,Harish Kumar K,No Tag
1018,Madhankumar Madhan,Chennai,Tamil Nadu,India,0,Followup,India Smm Campaign,04-09-2026,Not Contacted,No,Harish Kumar K,No Tag
1019,Jaffer,Chennai,Tamil Nadu,India,0,Followup,India Smm Campaign,04-09-2026,Not Contacted,No,Harish Kumar K,No Tag
1020,A S Fashion Akram,Chennai,Tamil Nadu,India,0,Followup,India Smm Campaign,04-09-2026,Not Contacted,No,Harish Kumar K,No Tag
1021,Silambarasan Simbhu Karthick,Chennai,Tamil Nadu,India,0,Followup,India Smm Campaign,04-09-2026,Not Contacted,No,Harish Kumar K,No Tag
1022,Kavitha,Chennai,Tamil Nadu,India,0,Followup,India Smm Campaign,04-09-2026,Not Contacted,No,Harish Kumar K,No Tag
1023,Loki Lokesh,Chennai,Tamil Nadu,India,0,Not Answering,India Smm Campaign,04-09-2026,Not Contacted,No,Harish Kumar K,No Tag
1024,Krishna Kenny,Chennai,Tamil Nadu,India,0,Not Answering,India Smm Campaign,04-09-2026,Not Contacted,No,Harish Kumar K,No Tag
1025,Tamil Arasan,Chennai,Tamil Nadu,India,0,Call Later,India Smm Campaign,04-09-2026,Not Contacted,No,Harish Kumar K,No Tag
1026,Tamil Arasan,Chennai,Tamil Nadu,India,0,Call Later,India Smm Campaign,04-09-2026,Not Contacted,No,Harish Kumar K,No Tag
1027,Sivasamy Pr,Chennai,Tamil Nadu,India,0,Followup,India Smm Campaign,04-09-2026,Not Contacted,No,Harish Kumar K,No Tag
1028,Raul,Chennai,Tamil Nadu,India,0,Not Answering,India Smm Campaign,04-09-2026,Not Contacted,No,Harish Kumar K,No Tag
1029,Siva,Chennai,Tamil Nadu,India,0,Followup,India Smm Campaign,04-09-2026,Not Contacted,No,Harish Kumar K,No Tag
1030,Shreedhevi Devaraj,Chennai,Tamil Nadu,India,0,Not Answering,India Smm Campaign,04-09-2026,Not Contacted,No,Harish Kumar K,No Tag
1031,Ashok Rajkumar,Chennai,Tamil Nadu,India,0,Not Interested,India Smm Campaign,04-09-2026,Not Contacted,No,Harish Kumar K,No Tag
1032,Ashok Rajkumar,Chennai,Tamil Nadu,India,0,Not Interested,India Smm Campaign,04-09-2026,Not Contacted,No,Harish Kumar K,No Tag
1033,Arumugam,Chennai,Tamil Nadu,India,0,Not Answering,India Smm Campaign,04-09-2026,Not Contacted,No,Harish Kumar K,No Tag
1034,Suresh,Chennai,Tamil Nadu,India,0,Followup,India Smm Campaign,04-09-2026,Not Contacted,No,Harish Kumar K,No Tag
1035,Nandhu Vtv,Chennai,Tamil Nadu,India,0,Not Answering,India Smm Campaign,04-09-2026,Not Contacted,No,Harish Kumar K,No Tag
1036,Mahendra Babu M,Chennai,Tamil Nadu,India,0,Followup,India Smm Campaign,04-09-2026,Not Contacted,No,Harish Kumar K,No Tag
1037,Maanaa Chanakyan Moorthy,Chennai,Tamil Nadu,India,0,Not Answering,India Smm Campaign,04-09-2026,Not Contacted,No,Harish Kumar K,No Tag
1038,Sridhar,Chennai,Tamil Nadu,India,0,Not Answering,India Smm Campaign,04-09-2026,Not Contacted,No,Harish Kumar K,No Tag
1039,Mohamed Rafi,Chennai,Tamil Nadu,India,0,Not Interested,India Smm Campaign,04-09-2026,Not Contacted,No,Harish Kumar K,No Tag
1040,M Saifullah Munawaruddin,Chennai,Tamil Nadu,India,0,Not Interested,India Smm Campaign,04-09-2026,Not Contacted,No,Harish Kumar K,No Tag
1041,Anand Rengasamy,Chennai,Tamil Nadu,India,0,Details Has Sent Through Whatsapp,India Smm Campaign,04-09-2026,Not Contacted,No,Harish Kumar K,No Tag
1042,Ashokkumar,Chennai,Tamil Nadu,India,0,Not Answering,India Smm Campaign,04-09-2026,Not Contacted,No,Harish Kumar K,No Tag
1043,Surendren K,Chennai,Tamil Nadu,India,0,Followup,India Smm Campaign,04-09-2026,Not Contacted,No,Harish Kumar K,No Tag
1044,Maran Power,Chennai,Tamil Nadu,India,0,Details Has Sent Through Whatsapp,India Smm Campaign,04-09-2026,Not Contacted,No,Harish Kumar K,No Tag
1045,K Kannan K K Interiors,Chennai,Tamil Nadu,India,0,Not Interested,India Smm Campaign,04-09-2026,Not Contacted,No,Harish Kumar K,No Tag
1046,Rengaraj,Chennai,Tamil Nadu,India,0,Details Has Sent Through Whatsapp,India Smm Campaign,04-09-2026,Not Contacted,No,Harish Kumar K,No Tag
1047,Unknown Name,Chennai,Tamil Nadu,India,0,Call Later,India Smm Campaign,04-09-2026,Not Contacted,No,Harish Kumar K,No Tag
1048,Durai Naraashiman,Chennai,Tamil Nadu,India,0,Not Answering,India Smm Campaign,04-09-2026,Not Contacted,No,Harish Kumar K,No Tag
1049,Abhimanyu,Chennai,Tamil Nadu,India,0,Not Answering,Chennai Database,04-09-2026,Not Contacted,No,Harish Kumar K,No Tag
1050,Vighnesh,Chennai,Tamil Nadu,India,0,Invalid,Chennai Database,04-09-2026,Not Contacted,No,Harish Kumar K,No Tag
1051,Loganathan,Chennai,Tamil Nadu,India,0,Invalid,Chennai Database,04-09-2026,Not Contacted,No,Harish Kumar K,No Tag
1052,Murugan,Chennai,Tamil Nadu,India,0,Not Answering,Chennai Database,04-09-2026,Not Contacted,No,Harish Kumar K,No Tag
1053,Sudhkaran,Chennai,Tamil Nadu,India,0,Not Answering,Chennai Database,04-09-2026,Not Contacted,No,Harish Kumar K,No Tag
1054,K R Muthu,Chennai,Tamil Nadu,India,0,Not Answering,Chennai Database,04-09-2026,Not Contacted,No,Harish Kumar K,No Tag
1055,Radha,Chennai,Tamil Nadu,India,0,Not Interested,Chennai Database,04-09-2026,Not Contacted,No,Harish Kumar K,No Tag
1056,Ravi,Chennai,Tamil Nadu,India,0,Not Answering,Chennai Database,04-09-2026,Not Contacted,No,Harish Kumar K,No Tag
1057,Reddy,Chennai,Tamil Nadu,India,0,Not Interested,Chennai Database,04-09-2026,Not Contacted,No,Harish Kumar K,No Tag
1058,Sabina,Chennai,Tamil Nadu,India,0,Not Reachable,Chennai Database,04-09-2026,Not Contacted,No,Harish Kumar K,No Tag
1059,Rahul,Chennai,Tamil Nadu,India,0,Not Answering,Chennai Database,04-09-2026,Not Contacted,No,Harish Kumar K,No Tag
1060,Babu,Chennai,Tamil Nadu,India,0,Not Interested,Chennai Database,04-09-2026,Not Contacted,No,Harish Kumar K,No Tag
1061,Muhammad,Chennai,Tamil Nadu,India,0,Not Reachable,Chennai Database,04-09-2026,Not Contacted,No,Harish Kumar K,No Tag
1062,S Senthi,Chennai,Tamil Nadu,India,0,Not Reachable,Chennai Database,04-09-2026,Not Contacted,No,Harish Kumar K,No Tag
1063,Mustafa,Chennai,Tamil Nadu,India,0,Not Reachable,Chennai Database,04-09-2026,Not Contacted,No,Harish Kumar K,No Tag
1064,Jhon Dias,Chennai,Tamil Nadu,India,0,Not Interested,Chennai Database,04-09-2026,Not Contacted,No,Harish Kumar K,No Tag
1065,R Jayaprakash,Chennai,Tamil Nadu,India,0,Not Interested,Chennai Database,04-09-2026,Not Contacted,No,Harish Kumar K,No Tag
1066,Moses,Chennai,Tamil Nadu,India,0,Not Answering,Chennai Database,04-09-2026,Not Contacted,No,Harish Kumar K,No Tag
1067,Ponpuvaneswaran,Chennai,Tamil Nadu,India,0,Not Interested,Chennai Database,04-09-2026,Not Contacted,No,Harish Kumar K,No Tag
1068,Bala,Chennai,Tamil Nadu,India,0,Not Interested,Chennai Database,04-09-2026,Not Contacted,No,Harish Kumar K,No Tag
1069,Arun,Chennai,Tamil Nadu,India,0,Not Interested,Chennai Database,04-09-2026,Not Contacted,No,Harish Kumar K,No Tag
1070,Vijay,Chennai,Tamil Nadu,India,0,Not Interested,Chennai Database,04-09-2026,Not Contacted,No,Harish Kumar K,No Tag
1071,Kavi Tamilselvan,Chennai,Tamil Nadu,India,0,Call Later,India Smm Campaign,04-09-2026,Not Contacted,No,Harish Kumar K,No Tag
1072,Mraja Raja,Chennai,Tamil Nadu,India,0,Details Has Sent Through Whatsapp,India Smm Campaign,04-09-2026,Not Contacted,No,Harish Kumar K,No Tag
1073,Kuppusamy,Chennai,Tamil Nadu,India,0,Not Interested,India Smm Campaign,04-09-2026,Not Contacted,No,Harish Kumar K,No Tag
1074,Ajith Thikotha,Chennai,Tamil Nadu,India,0,Details Has Sent Through Whatsapp,India Smm Campaign,04-09-2026,Not Contacted,No,Harish Kumar K,No Tag
1075,Louis Punith,Chennai,Tamil Nadu,India,0,Not Answering,India Smm Campaign,04-09-2026,Not Contacted,No,Harish Kumar K,No Tag
1076,Mohitprajit,Chennai,Tamil Nadu,India,0,Call Later,India Smm Campaign,04-09-2026,Not Contacted,No,Harish Kumar K,No Tag
1077,Albert Punitha,Chennai,Tamil Nadu,India,0,Details Has Sent Through Whatsapp,India Smm Campaign,04-09-2026,Not Contacted,No,Harish Kumar K,No Tag
1078,S Dinesh Kumar,Chennai,Tamil Nadu,India,0,Call Later,India Smm Campaign,04-09-2026,Not Contacted,No,Harish Kumar K,No Tag
1079,Friends Fiberglass,Chennai,Tamil Nadu,India,0,Details Has Sent Through Whatsapp,India Smm Campaign,04-09-2026,Not Contacted,No,Harish Kumar K,No Tag
1080,Anandhakrishnana,Chennai,Tamil Nadu,India,0,Details Has Sent Through Whatsapp,India Smm Campaign,04-09-2026,Not Contacted,No,Harish Kumar K,No Tag
1081,Kamalakannan Kamalakannan,Chennai,Tamil Nadu,India,0,Not Answering,India Smm Campaign,04-09-2026,Not Contacted,No,Harish Kumar K,No Tag
1082,Pankaj Kumar,Chennai,Tamil Nadu,India,0,Not Answering,India Smm Campaign,04-09-2026,Not Contacted,No,Harish Kumar K,No Tag
1083,Santhosh Kumar,Chennai,Tamil Nadu,India,0,Details Has Sent Through Whatsapp,India Smm Campaign,04-09-2026,Not Contacted,No,Harish Kumar K,No Tag
1084,Vasanth Kumar Vasanth,Chennai,Tamil Nadu,India,0,Not Answering,India Smm Campaign,04-09-2026,Not Contacted,No,Harish Kumar K,No Tag
1085,Dr Dinesh Kumar,Chennai,Tamil Nadu,India,0,Not Interested,India Smm Campaign,04-09-2026,Not Contacted,No,Harish Kumar K,No Tag
1086,Venkatesh Perumal,Chennai,Tamil Nadu,India,0,Details Has Sent Through Whatsapp,India Smm Campaign,04-09-2026,Not Contacted,No,Harish Kumar K,No Tag
1087,Thangeshwaran Rajasekar,Chennai,Tamil Nadu,India,0,Call Later,India Smm Campaign,04-09-2026,Not Contacted,No,Harish Kumar K,No Tag
1088,Syed Allah Bakash,Chennai,Tamil Nadu,India,0,Followup,India Smm Campaign,04-09-2026,Not Contacted,No,Harish Kumar K,No Tag
1089,Meeran,Chennai,Tamil Nadu,India,0,Followup,India Smm Campaign,04-09-2026,Not Contacted,No,Harish Kumar K,No Tag
1090,Sabari Flex Ambattur,Chennai,Tamil Nadu,India,0,Details Has Sent Through Whatsapp,India Smm Campaign,04-09-2026,Not Contacted,No,Harish Kumar K,No Tag
1091,Mathivanan,Chennai,Tamil Nadu,India,0,Details Has Sent Through Whatsapp,India Smm Campaign,04-09-2026,Not Contacted,No,Harish Kumar K,No Tag
1092,I Five Interiors Ganesh,Chennai,Tamil Nadu,India,0,Followup,India Smm Campaign,04-09-2026,Not Contacted,No,Harish Kumar K,No Tag
1093,Havoc Ajay,Chennai,Tamil Nadu,India,0,Details Has Sent Through Whatsapp,India Smm Campaign,04-09-2026,Not Contacted,No,Harish Kumar K,No Tag
1094,Pa Kodeeswaran,Chennai,Tamil Nadu,India,0,Followup,India Smm Campaign,04-09-2026,Not Contacted,No,Harish Kumar K,No Tag
1095,Hari Prasad,Chennai,Tamil Nadu,India,0,Followup,India Smm Campaign,04-09-2026,Not Contacted,No,Harish Kumar K,No Tag
1096,Alagudurai Pandian,Chennai,Tamil Nadu,India,0,Followup,India Smm Campaign,04-09-2026,Not Contacted,No,Harish Kumar K,No Tag
1097,Ram Suyambu,Chennai,Tamil Nadu,India,0,Followup,India Smm Campaign,04-09-2026,Not Contacted,No,Harish Kumar K,No Tag
1098,Selvan Murugesan,Chennai,Tamil Nadu,India,0,Followup,India Smm Campaign,04-09-2026,Not Contacted,No,Harish Kumar K,No Tag
1099,Anand Kumar,Chennai,Tamil Nadu,India,0,Followup,India Smm Campaign,04-09-2026,Not Contacted,No,Harish Kumar K,No Tag
1100,Gokul,Chennai,Tamil Nadu,India,0,Customer,India Smm Campaign,04-09-2026,Not Contacted,No,Harish Kumar K,No Tag
1101,Bijun Bn,Chennai,Tamil Nadu,India,0,New,3 + 1 Dm,04-09-2026,Not Contacted,No,Prasanna S,No Tag
1102,Niveda Ravi,Chennai,Tamil Nadu,India,0,Closed By Other Team,3 + 1 Dm,04-09-2026,Not Contacted,Yes,Pon Bala Subramanian,No Tag
1103,Kamalesh V,Chennai,Tamil Nadu,India,0,Wrong Lead,3 + 1 Dm,04-09-2026,Not Contacted,No,Prasanna S,No Tag
1104,Hithesh Sharma,Chennai,Tamil Nadu,India,0,Wrong Lead,3 + 1 Dm,04-09-2026,Not Contacted,No,Prasanna S,No Tag
1105,Marriage Knot,Chennai,Tamil Nadu,India,0,New,3 + 1 Dm,04-09-2026,Not Contacted,No,Harish Kumar K,No Tag
1106,Ganesh Pandurangan,Chennai,Tamil Nadu,India,0,Not Interested,3 + 1 Dm,04-09-2026,Not Contacted,Yes,Prasanna S,"Not Required, 22/01/25"
1107,Safad,Chennai,Tamil Nadu,India,0,Wrong Lead,3 + 1 Dm,1717-05-08,1717-05-08,No,Harish Kumar K,No Tag
1108,Sakthi,Chennai,Tamil Nadu,India,0,Not Answering,3 + 1 Dm,1717-06-08,1717-06-08,No,Harish Kumar K,No Tag
1109,Chithra,Chennai,Tamil Nadu,India,0,Appointment,3 + 1 Dm,04-09-2026,Not Contacted,No,Harish Kumar K,No Tag
1110,Udhya,Chennai,Tamil Nadu,India,0,Details Has Sent Through Whatsapp,3 + 1 Dm,04-09-2026,Not Contacted,No,Harish Kumar K,No Tag
1111,Chandrasekar,Chennai,Tamil Nadu,India,0,Followup,3 + 1 Dm,04-09-2026,Not Contacted,No,Harish Kumar K,No Tag
1112,Jumbulingam,Chennai,Tamil Nadu,India,0,Followup,3 + 1 Dm,04-09-2026,Not Contacted,No,Harish Kumar K,No Tag
1113,Wasim,Chennai,Tamil Nadu,India,0,Followup,3 + 1 Dm,04-09-2026,Not Contacted,No,Harish Kumar K,No Tag
1114,Pooja,Chennai,Tamil Nadu,India,19000,Customer,Google Extractor,04-09-2026,Not Contacted,No,Preethi R,Kukki'S Ikidz Preschool
1115,Karthikeyan Pal,Chennai,Tamil Nadu,India,0,Followup,3 + 1 Dm,04-09-2026,Not Contacted,No,Preethi R,Avenster Lifestyle
1116,Jaya Sudha,Chennai,Tamil Nadu,India,0,Followup,3 + 1 Dm,04-09-2026,Not Contacted,No,Harish Kumar K,No Tag
1117,Shankar Ganesh,Chennai,Tamil Nadu,India,0,Followup,3 + 1 Dm,04-09-2026,Not Contacted,No,Harish Kumar K,No Tag
1118,Murugandam,Chennai,Tamil Nadu,India,0,Followup,3 + 1 Dm,04-09-2026,Not Contacted,No,Harish Kumar K,No Tag
1119,Karthick,Chennai,Tamil Nadu,India,0,Wrong Lead,3 + 1 Dm,04-09-2026,Not Contacted,No,Harish Kumar K,No Tag
1120,Nishanthi,Chennai,Tamil Nadu,India,0,Followup,3 + 1 Dm,04-09-2026,Not Contacted,No,Harish Kumar K,No Tag
1121,Jeya Sudha,Chennai,Tamil Nadu,India,0,Customer,3 + 1 Dm,04-09-2026,Not Contacted,No,Preethi R,B2B
1122,Jeyasudha,Chennai,Tamil Nadu,India,0,Customer,3 + 1 Dm,04-09-2026,Not Contacted,No,Harish Kumar K,Intemacy
1123,Mukesh Kumar Rathi,Chennai,Tamil Nadu,India,0,Wrong Lead,3 + 1 Dm,04-09-2026,Not Contacted,No,Harish Kumar K,Mukesh Agency
1124,Ashok Naren,Chennai,Tamil Nadu,India,0,Switched Off,3 + 1 Dm,04-09-2026,Not Contacted,No,Preethi R,Switch Off
1125,Nandagopal Lashmikantham,Chennai,Tamil Nadu,India,0,Details Has Sent Through Whatsapp,3 + 1 Dm,04-09-2026,Not Contacted,No,Harish Kumar K,Shared Details
1126,Dr Dinesh Kumar,Chennai,Tamil Nadu,India,0,Not Answering,3 + 1 Dm,04-09-2026,Not Contacted,No,Prasanna S,C- Npc
1127,Aarthysaha Arumugam,Chennai,Tamil Nadu,India,0,New,3 + 1 Dm,04-09-2026,Not Contacted,No,Harish Kumar K,Call Later
1128,Anandh,Chennai,Tamil Nadu,India,0,Switched Off,3 + 1 Dm,04-09-2026,Not Contacted,No,Prasanna S,No Tag
1129,Sadiq Batcha,Chennai,Tamil Nadu,India,0,Switched Off,3 + 1 Dm,04-09-2026,Not Contacted,No,Harish Kumar K,No Tag
1130,Ananda Nanda,Chennai,Tamil Nadu,India,0,Switched Off,3 + 1 Dm,04-09-2026,Not Contacted,No,Preethi R,No Tag
1131,Rex Rex,Chennai,Tamil Nadu,India,0,Out Of Service,3 + 1 Dm,04-09-2026,Not Contacted,No,Preethi R,Out Of Service
1132,Kothandapani Panneerselvam,Chennai,Tamil Nadu,India,0,Not Answering,3 + 1 Dm,04-09-2026,Not Contacted,No,Preethi R,Npc
1133,Narayanan Ranganathan,Tambaram,Tamil Nadu,India,0,Followup,3 + 1 Dm,04-09-2026,Not Contacted,No,Preethi R,No Tag
1134,Christober,Chennai,Tamil Nadu,India,0,Followup,3 + 1 Dm,04-09-2026,Not Contacted,No,Preethi R,No Tag
1135,Yuvaraj Bhasker,Chennai,Tamil Nadu,India,0,New,3 + 1 Dm,04-09-2026,Not Contacted,No,Prasanna S,Call Later
1136,Tmcr Agarbathis Gopinath,Chennai,Tamil Nadu,India,0,Followup,3 + 1 Dm,04-09-2026,Not Contacted,No,Preethi R,Call After 1 Hour
1137,Ruk,Chennai,Tamil Nadu,India,0,Followup,3 + 1 Dm,04-09-2026,Not Contacted,No,Preethi R,Share Details
1138,Balaji Travels,Chennai,Tamil Nadu,India,0,New,3 + 1 Dm,04-09-2026,Not Contacted,No,Preethi R,Npc
1139,Allen Vedaraj,Chennai,Tamil Nadu,India,0,Call Later,3 + 1 Dm,04-09-2026,Not Contacted,No,Pon Bala Subramanian,No Tag
1140,Asha Saravanan,Chennai,Tamil Nadu,India,0,Out Of Service,3 + 1 Dm,04-09-2026,Not Contacted,No,Pon Bala Subramanian,No Tag
1141,Mr Jhon,Chennai,Tamil Nadu,India,0,Out Of Service,3 + 1 Dm,04-09-2026,Not Contacted,No,Pon Bala Subramanian,No Tag
1142,Mithun,Chennai,Tamil Nadu,India,0,Followup,3 + 1 Dm,04-09-2026,Not Contacted,No,Preethi R,No Tag
1143,Arjun P,Chennai,Tamil Nadu,India,0,Followup,3 + 1 Dm,04-09-2026,Not Contacted,No,Preethi R,No Tag
1144,Suresh,Chennai,Tamil Nadu,India,0,New,3 + 1 Dm,04-09-2026,Not Contacted,No,Preethi R,Call Disconnected
1145,Genie Gauri Shankar,Chennai,Tamil Nadu,India,0,Customer,3 + 1 Dm,04-09-2026,Not Contacted,No,Harish Kumar K,No Tag
1146,Ram Kumar Truwells,Chennai,Tamil Nadu,India,0,Customer,3 + 1 Dm,04-09-2026,Not Contacted,No,Harish Kumar K,No Tag
1147,Karthick Insurance,Chennai,Tamil Nadu,India,0,Customer,3 + 1 Dm,04-09-2026,Not Contacted,No,Harish Kumar K,No Tag
1148,Nha Abdul,Chennai,Tamil Nadu,India,0,Customer,3 + 1 Dm,04-09-2026,Not Contacted,No,Harish Kumar K,No Tag
1149,Deepa Krishea,Chennai,Tamil Nadu,India,0,Customer,Employee Reference,04-09-2026,Not Contacted,No,Harish Kumar K,No Tag
1150,Shobana,Chennai,Tamil Nadu,India,0,Customer,3 + 1 Dm,04-09-2026,Not Contacted,No,Prasanna S,No Tag
1151,Prem,Chennai,Tamil Nadu,India,0,Followup,3 + 1 Dm,04-09-2026,Not Contacted,No,Preethi R,Follow Up
1152,Prabha Tech,Chennai,Tamil Nadu,India,0,Not Answering,Whatsapp Dm Enquiries,04-09-2026,Not Contacted,No,Preethi R,C- Npc
1153,Shamnaz Abdul Rahim,Chennai,Tamil Nadu,India,0,Not Answering,3 + 1 Dm,04-09-2026,Not Contacted,No,Preethi R,Npc
1154,Chinthamani Catering,Chennai,Tamil Nadu,India,0,Customer,Whatsapp Dm Enquiries,04-09-2026,Not Contacted,No,Preethi R,No Tag
1155,Vignesh Cbe,Chennai,Tamil Nadu,India,0,Followup,3 + 1 Dm,04-09-2026,Not Contacted,No,Preethi R,Call Tomorrow @11 Clock
1156,Ecr Starvillas,Chennai,Tamil Nadu,India,0,Followup,3 + 1 Dm,04-09-2026,Not Contacted,No,Preethi R,Follow Up
1157,Pranay,Chennai,Tamil Nadu,India,0,Not Answering,Instagram & Facebook,04-09-2026,Not Contacted,Yes,Pon Bala Subramanian,No Tag
1158,Prabhakaran,Chennai,Tamil Nadu,India,0,Not Interested,Instagram & Facebook,04-09-2026,Not Contacted,Yes,Pon Bala Subramanian,No Tag
1159,Jaya Prakash Raman,Chennai,Tamil Nadu,India,0,Not Interested,Instagram & Facebook,04-09-2026,Not Contacted,Yes,Arut Selvan,No Tag
1160,Suji,Chennai,Tamil Nadu,India,0,Appointment,Instagram & Facebook,04-09-2026,Not Contacted,No,Preethi R,Appointment
1161,Praveen Kumar,Chennai,Tamil Nadu,India,0,Followup,3 + 1 Dm,04-09-2026,Not Contacted,No,Preethi R,Follow Up
1162,Ramya Rajendran,Chennai,Tamil Nadu,India,0,New,3 + 1 Dm,04-09-2026,Not Contacted,No,Preethi R,No Tag
1163,Vijay V,Chennai,Tamil Nadu,India,0,New,3 + 1 Dm,04-09-2026,Not Contacted,No,Preethi R,No Tag
1164,Raj Kumar,Chennai,Tamil Nadu,India,0,Followup,3 + 1 Dm,04-09-2026,Not Contacted,No,Preethi R,No Tag
1165,Senthil Ramakrishnan,Chennai,Tamil Nadu,India,0,Call Later,3 + 1 Dm,04-09-2026,Not Contacted,No,Harish Kumar K,Call Disconnected
1166,Sivaprakash,Chennai,Tamil Nadu,India,0,Not Answering,3 + 1 Dm,04-09-2026,Not Contacted,No,Harish Kumar K,Npc
1167,Kalai Vanan,Chennai,Tamil Nadu,India,0,Not Interested,3 + 1 Dm,04-09-2026,Not Contacted,No,Prasanna S,No Tag
1168,Jayaram,Chennai,Tamil Nadu,India,0,Not Answering,3 + 1 Dm,04-09-2026,Not Contacted,No,Prasanna S,No Tag
1169,Fabify Closet,Chennai,Tamil Nadu,India,10000,Customer,Dubai Smm Campaign,04-09-2026,Not Contacted,No,Prasanna S,No Tag
1170,Santhosh Santhosh,Chennai,Tamil Nadu,India,0,Not Answering,3 + 1 Dm,04-09-2026,Not Contacted,No,Preethi R,Busy
1171,Vadivelkumar P Vadivelkumar P,Chennai,Tamil Nadu,India,0,Not Answering,3 + 1 Dm,04-09-2026,Not Contacted,No,Prasanna S,No Tag
1172,Parthasarathy,Chennai,Tamil Nadu,India,0,Wrong Lead,3 + 1 Dm,04-09-2026,Not Contacted,No,Preethi R,Not Relevant
1173,Sdf Catereing Service,Chennai,Tamil Nadu,India,0,Followup,3 + 1 Dm,04-09-2026,Not Contacted,No,Prasanna S,No Tag
1174,Achudan Patz,Chennai,Tamil Nadu,India,0,Followup,3 + 1 Dm,04-09-2026,Not Contacted,No,Prasanna S,No Tag
1175,Mr Roy,Chennai,Tamil Nadu,India,0,Followup,3 + 1 Dm,04-09-2026,Not Contacted,No,Prasanna S,No Tag
1176,Valli Vaithi,Chennai,Tamil Nadu,India,0,Wrong Lead,3 + 1 Dm,04-09-2026,Not Contacted,No,Preethi R,House Wife
1177,Fairoz Ahmed,Chennai,Tamil Nadu,India,0,Wrong Lead,3 + 1 Dm,04-09-2026,Not Contacted,No,Preethi R,Hindi Person
1178,Aanand Kumar,Chennai,Tamil Nadu,India,0,Not Answering,3 + 1 Dm,04-09-2026,Not Contacted,No,Prasanna S,No Tag
1179,Arun Arun,Chennai,Tamil Nadu,India,0,Not Answering,3 + 1 Dm,04-09-2026,Not Contacted,No,Prasanna S,No Tag
1180,Vinayaga Vinoth,Chennai,Tamil Nadu,India,0,Followup,3 + 1 Dm,04-09-2026,Not Contacted,No,Prasanna S,No Tag
1181,Sukumar Suku,Chennai,Tamil Nadu,India,0,Close Follow Up,Whatsapp Dm Enquiries,04-09-2026,Not Contacted,Yes,Jeevitha  D,No Tag
1182,Monish Kumar,Chennai,Tamil Nadu,India,0,Followup,3 + 1 Dm,04-09-2026,Not Contacted,No,Preethi R,Close Follow Up
1183,Dsk Decors Events,Chennai,Tamil Nadu,India,0,Followup,3 + 1 Dm,04-09-2026,Not Contacted,No,Preethi R,Npc
1184,Narendra Prasath,Chennai,Tamil Nadu,India,0,Followup,3 + 1 Dm,04-09-2026,Not Contacted,No,Preethi R,Follow Up
1185,Gowtham,Chennai,Tamil Nadu,India,0,Followup,3 + 1 Dm,04-09-2026,Not Contacted,No,Preethi R,Follow Up
1186,Vinoth C,Chennai,Tamil Nadu,India,0,Out Of Service,3 + 1 Dm,04-09-2026,Not Contacted,No,Preethi R,No Tag
1187,Vijay Yoganath S,Chennai,Tamil Nadu,India,0,Close Follow Up,3 + 1 Dm,04-09-2026,Not Contacted,No,Preethi R,Close Follow Up
1188,Ss Jagadish,Chennai,Tamil Nadu,India,0,Closed By Other Team,3 + 1 Dm,04-09-2026,Not Contacted,No,Preethi R,Closed
1189,Bmr Bulls Academy,Chennai,Tamil Nadu,India,0,Need To Get Requirements,3 + 1 Dm,04-09-2026,Not Contacted,No,Prasanna S,No Tag
1190,The Eventeur,Chennai,Tamil Nadu,India,0,Not Answering,3 + 1 Dm,04-09-2026,Not Contacted,No,Prasanna S,No Tag
1191,Kameshwaran S,Chennai,Tamil Nadu,India,0,Not Answering,3 + 1 Dm,04-09-2026,Not Contacted,No,Prasanna S,No Tag
1192,Saravanan,Chennai,Tamil Nadu,India,0,Call Later,3 + 1 Dm,04-09-2026,Not Contacted,No,Prasanna S,No Tag
1193,Gk Waffles,Chennai,Tamil Nadu,India,0,Not Answering,3 + 1 Dm,04-09-2026,Not Contacted,No,Prasanna S,No Tag
1194,N Magesh Kumar,Chennai,Tamil Nadu,India,0,Wrong Lead,3 + 1 Dm,04-09-2026,Not Contacted,No,Prasanna S,No Tag
1195,Gajendiran,Chennai,Tamil Nadu,India,0,Not Answering,3 + 1 Dm,04-09-2026,Not Contacted,No,Prasanna S,No Tag
1196,Olympic Photography,Chennai,Tamil Nadu,India,0,Followup,3 + 1 Dm,04-09-2026,Not Contacted,No,Prasanna S,No Tag
1197,Run Elv,Tripur,Tamil Nadu,India,0,Not Answering,3 + 1 Dm,04-09-2026,Not Contacted,No,Prasanna S,No Tag
1198,Vinoth C,Chennai,Tamil Nadu,India,0,Not Reachable,3 + 1 Dm,04-09-2026,Not Contacted,No,Prasanna S,No Tag
1199,Vijay Yoganath S,Trichy,Tamil Nadu,India,0,Not Answering,3 + 1 Dm,04-09-2026,Not Contacted,No,Prasanna S,No Tag
1200,Ss Jagadish,Chennai,Tamil Nadu,India,0,Not Interested,3 + 1 Dm,04-09-2026,Not Contacted,No,Prasanna S,No Tag
1201,Ramesh Ebenezer,Chennai,Tamil Nadu,India,0,Call Later,3 + 1 Dm,04-09-2026,Not Contacted,No,Prasanna S,No Tag
1202,Mustafa,Chennai,Tamil Nadu,India,0,Not Answering,3 + 1 Dm,04-09-2026,Not Contacted,No,Prasanna S,No Tag
1203,Kathir,Tirunelveli,Tamil Nadu,India,0,Out Of Service,3 + 1 Dm,04-09-2026,Not Contacted,No,Prasanna S,No Tag
1204,Zubair,Chennai,Tamil Nadu,India,0,Followup,3 + 1 Dm,04-09-2026,Not Contacted,No,Prasanna S,No Tag
1205,Krish Shankar,Chennai,Tamil Nadu,India,0,Not Answering,3 + 1 Dm,04-09-2026,Not Contacted,No,Prasanna S,No Tag
1206,Sekar Yoshanth,Chennai,Tamil Nadu,India,0,On Process,3 + 1 Dm,04-09-2026,Not Contacted,No,Prasanna S,No Tag
1207,Sekar Palanisamy,Erode,Tamil Nadu,India,0,Not Interested,3 + 1 Dm,04-09-2026,Not Contacted,No,Prasanna S,No Tag
1208,Ramesh,Chennai,Tamil Nadu,India,0,Not Answering,3 + 1 Dm,04-09-2026,Not Contacted,No,Prasanna S,No Tag
1209,Kiruthika,Erode,Tamil Nadu,India,0,Not Answering,3 + 1 Dm,04-09-2026,Not Contacted,No,Prasanna S,No Tag
1210,Sivaramakrishnan,Chennai,Tamil Nadu,India,0,Not Interested,3 + 1 Dm,04-09-2026,Not Contacted,No,Prasanna S,No Tag
1211,Alex Sivaj,Chennai,Tamil Nadu,India,0,New,3 + 1 Dm,04-09-2026,Not Contacted,No,Preethi R,Npc
1212,Muthu Ramalingam S,Chennai,Tamil Nadu,India,0,New,3 + 1 Dm,04-09-2026,Not Contacted,No,Preethi R,Npc
1213,Om Muruga Tex,Salem,Tamil Nadu,India,0,New,3 + 1 Dm,04-09-2026,Not Contacted,No,Preethi R,Call Later
1214,Vignesh Vijayakumar,Chennai,Tamil Nadu,India,0,Followup,3 + 1 Dm,04-09-2026,Not Contacted,No,Preethi R,B2
1215,Sai Tattoo Temples,Chennai,Tamil Nadu,India,0,Close Follow Up,3 + 1 Dm,04-09-2026,Not Contacted,No,Preethi R,Follow Up
1216,Narayana,Chennai,Tamil Nadu,India,0,Close Follow Up,3 + 1 Dm,04-09-2026,Not Contacted,No,Preethi R,Close Follow Up
1217,Selva Ganesh,Chennai,Tamil Nadu,India,0,New,3 + 1 Dm,04-09-2026,Not Contacted,No,Preethi R,Npc
1218,Ganesh B,Chennai,Tamil Nadu,India,0,Not Responding,Whatsapp Dm Enquiries,04-09-2026,Not Contacted,Yes,Dawood Wgs,No Tag
1219,Siva Vaishu,Chennai,Tamil Nadu,India,0,Switched Off,3 + 1 Dm,04-09-2026,Not Contacted,No,Preethi R,Switched Off
1220,S Sasi Kumar,Chennai,Tamil Nadu,India,0,Call Later,3 + 1 Dm,04-09-2026,Not Contacted,No,Preethi R,Call Disconnected
1221,Kanna,Chennai,Tamil Nadu,India,0,Followup,3 + 1 Dm,04-09-2026,Not Contacted,No,Preethi R,Follow Up
1222,Ganesh,Chennai,Tamil Nadu,India,0,Wrong Lead,3 + 1 Dm,04-09-2026,Not Contacted,No,Pon Bala Subramanian,No Tag
1223,Santosh,Chennai,Tamil Nadu,India,0,Not Answering,3 + 1 Dm,04-09-2026,Not Contacted,No,Pon Bala Subramanian,No Tag
1224,Hem,Chennai,Tamil Nadu,India,1,Wrong Lead,3 + 1 Dm,04-09-2026,Not Contacted,No,Pon Bala Subramanian,No Tag
1225,Anand Francis,Chennai,Tamil Nadu,India,0,New,3 + 1 Dm,04-09-2026,Not Contacted,No,Preethi R,No Tag
1226,Karthi,Chennai,Tamil Nadu,India,0,Wrong Lead,Our Services,04-09-2026,Not Contacted,No,Preethi R,Job Enquiry
1227,Ram Chandran,Chennai,Tamil Nadu,India,0,Not Answering,3 + 1 Dm,04-09-2026,Not Contacted,No,Pon Bala Subramanian,No Tag
1228,Siva Raja,Chennai,Tamil Nadu,India,0,Wrong Lead,3 + 1 Dm,04-09-2026,Not Contacted,No,Pon Bala Subramanian,No Tag
1229,Giritharan,Chennai,Tamil Nadu,India,0,Not Answering,3 + 1 Dm,04-09-2026,Not Contacted,No,Pon Bala Subramanian,No Tag
1230,Premnath Venugopal Venugopal,Chennai,Tamil Nadu,India,0,Followup,3 + 1 Dm,04-09-2026,Not Contacted,No,Preethi R,Share The Proposal
1231,Dr Rinji,Chennai,Tamil Nadu,India,0,New,3 + 1 Dm,04-09-2026,Not Contacted,No,Preethi R,Busy
1232,Saravanan Kumar,Chennai,Tamil Nadu,India,0,Close Follow Up,3 + 1 Dm,04-09-2026,Not Contacted,No,Preethi R,Appointment
1233,Harish R,Chennai,Tamil Nadu,India,0,New,3 + 1 Dm,04-09-2026,Not Contacted,No,Preethi R,Npc
1234,Jayaraj,Chennai,Tamil Nadu,India,0,Followup,3 + 1 Dm,04-09-2026,Not Contacted,No,Harish Kumar K,No Tag
1235,Karty,Chennai,Tamil Nadu,India,0,Followup,3 + 1 Dm,04-09-2026,Not Contacted,No,Preethi R,Follow Up
1236,Sathishkumar,Chennai,Tamil Nadu,India,0,New,3 + 1 Dm,04-09-2026,Not Contacted,No,Preethi R,Npc
1237,Venkat Raman,Chennai,Tamil Nadu,India,0,Followup,3 + 1 Dm,04-09-2026,Not Contacted,No,Preethi R,Follow Up
1238,Murugan Raj,Chennai,Tamil Nadu,India,0,Close Follow Up,3 + 1 Dm,04-09-2026,Not Contacted,No,Preethi R,Appointment
1239,Aashmi Thiruvambalam,Chennai,Tamil Nadu,India,0,New,3 + 1 Dm,04-09-2026,Not Contacted,No,Preethi R,Npc
1240,Balaji Design Lab,Chennai,Tamil Nadu,India,0,Not Interested,3 + 1 Dm,04-09-2026,Not Contacted,No,Preethi R,Closed
1241,Anand Balasubramanian,Chennai,Tamil Nadu,India,0,New,3 + 1 Dm,04-09-2026,Not Contacted,No,Preethi R,Engaged \
1242,Mani Kandan,Chennai,Tamil Nadu,India,0,Followup,3 + 1 Dm,04-09-2026,Not Contacted,No,Preethi R,Follow Up
1243,Ragu Messi,Chennai,Tamil Nadu,India,0,Not Interested,3 + 1 Dm,04-09-2026,Not Contacted,No,Preethi R,Not Needed
1244,Dr Daniel Clement,Chennai,Tamil Nadu,India,0,Not Interested,3 + 1 Dm,04-09-2026,Not Contacted,No,Preethi R,Not Enquired
1245,Saravanan,Chennai,Tamil Nadu,India,0,New,3 + 1 Dm,04-09-2026,Not Contacted,No,Preethi R,Npc
1246,Lakshmi Devi,Chennai,Tamil Nadu,India,0,New,3 + 1 Dm,04-09-2026,Not Contacted,No,Preethi R,No Tag
1247,Saranraj,Chennai,Tamil Nadu,India,0,Call Later,3 + 1 Dm,04-09-2026,Not Contacted,No,Preethi R,Call Disconnected
1248,Abroad Jobs,Chennai,Tamil Nadu,India,0,New,3 + 1 Dm,04-09-2026,Not Contacted,No,Preethi R,Not Reachable
1249,Priyaa,Chennai,Tamil Nadu,India,0,New,3 + 1 Dm,04-09-2026,Not Contacted,No,Preethi R,Npc
1250,Aleem Shareif,Chennai,Tamil Nadu,India,0,Followup,3 + 1 Dm,04-09-2026,Not Contacted,No,Preethi R,8000
1251,City Sathish,Chennai,Tamil Nadu,India,0,New,3 + 1 Dm,04-09-2026,Not Contacted,No,Preethi R,Npc
1252,Prakash Natesan,Chennai,Tamil Nadu,India,0,Followup,3 + 1 Dm,1721-04-03,1721-04-03,No,Preethi R,Callback In 1 Hour
1253,Ganesh Mutthamizh,Chennai,Tamil Nadu,India,0,Followup,3 + 1 Dm,04-09-2026,Not Contacted,No,Preethi R,Switch Off
1254,Senthil Kumar,Chennai,Tamil Nadu,India,0,Close Follow Up,3 + 1 Dm,04-09-2026,Not Contacted,No,Preethi R,Saturday Follow Up
1255,G N Balamurali,Chennai,Tamil Nadu,India,0,Followup,3 + 1 Dm,04-09-2026,Not Contacted,No,Preethi R,Follow Up
1256,Vikram,Chennai,Tamil Nadu,India,0,Wrong Lead,3 + 1 Dm,04-09-2026,Not Contacted,No,Preethi R,Wrong Number
1257,Mohanasundaram,Chennai,Tamil Nadu,India,0,Close Follow Up,3 + 1 Dm,04-09-2026,Not Contacted,No,Preethi R,Mobile Shop - Smm
1258,Preethi,Chennai,Tamil Nadu,India,0,Followup,3 + 1 Dm,04-09-2026,Not Contacted,No,Preethi R,No Tag
1259,Nithyananthan Ramasamy,Chennai,Tamil Nadu,India,0,New,3 + 1 Dm,04-09-2026,Not Contacted,No,Harish Kumar K,Driving Call Later
1260,Saravanan,Chennai,Tamil Nadu,India,0,Followup,3 + 1 Dm,04-09-2026,Not Contacted,No,Preethi R,Done
1261,Mega Nathan,Chennai,Tamil Nadu,India,0,New,3 + 1 Dm,04-09-2026,Not Contacted,No,Harish Kumar K,Npc
1262,Parthiban Mariappan,Chennai,Tamil Nadu,India,0,New,3 + 1 Dm,04-09-2026,Not Contacted,No,Harish Kumar K,Not Picking Up
1263,Britto Francies,Chennai,Tamil Nadu,India,0,New,3 + 1 Dm,04-09-2026,Not Contacted,No,Harish Kumar K,Call Later
1264,Shanmugakumar Kumar,Chennai,Tamil Nadu,India,0,New,3 + 1 Dm,04-09-2026,Not Contacted,No,Harish Kumar K,Not Picking Up (3.6.24)
1265,Purushothaman,Chennai,Tamil Nadu,India,0,Wrong Lead,3 + 1 Dm,04-09-2026,Not Contacted,No,Harish Kumar K,Training
1266,S K Ambulance,Chennai,Tamil Nadu,India,0,New,3 + 1 Dm,04-09-2026,Not Contacted,No,Prasanna S,Npc
1267,Balamurali,Chennai,Tamil Nadu,India,0,New,3 + 1 Dm,04-09-2026,Not Contacted,No,Preethi R,Npc
1268,Saran,Chennai,Tamil Nadu,India,0,New,3 + 1 Dm,04-09-2026,Not Contacted,No,Preethi R,Engaged
1269,Babu R,Chennai,Tamil Nadu,India,0,New,3 + 1 Dm,04-09-2026,Not Contacted,No,Preethi R,Npc
1270,Syed Mohamed,Chennai,Tamil Nadu,India,0,New,3 + 1 Dm,04-09-2026,Not Contacted,No,Preethi R,Npc
1271,Ksn Girivasa Sivam,Chennai,Tamil Nadu,India,0,Followup,Fb-Dm,04-09-2026,1737-11-16,Yes,Yuvaraj Wgs,No Tag
1272,Seenuvasan Karan,Chennai,Tamil Nadu,India,0,New,3 + 1 Dm,04-09-2026,Not Contacted,No,Preethi R,Npc
1273,Mohamed,Chennai,Tamil Nadu,India,0,New,3 + 1 Dm,04-09-2026,Not Contacted,No,Preethi R,Npc
1274,Karthick Ulaganathan,Chennai,Tamil Nadu,India,0,New,3 + 1 Dm,04-09-2026,Not Contacted,No,Preethi R,Call Later
1275,Jaishan Nithran,Chennai,Tamil Nadu,India,0,Followup,3 + 1 Dm,04-09-2026,Not Contacted,No,Preethi R,Follow Up
1276,Sabeer Ali,Chennai,Tamil Nadu,India,0,New,3 + 1 Dm,04-09-2026,Not Contacted,No,Preethi R,Switch Off
1277,Arun Devaraj,Chennai,Tamil Nadu,India,0,New,3 + 1 Dm,04-09-2026,Not Contacted,No,Preethi R,Call Later
1278,Pothigai Tours And Travels,Chennai,Tamil Nadu,India,0,New,3 + 1 Dm,04-09-2026,Not Contacted,No,Preethi R,Call Later
1279,Sivanathan,Chennai,Tamil Nadu,India,0,Followup,3 + 1 Dm,04-09-2026,Not Contacted,No,Preethi R,Follow Up
1280,Shebii Shebii,Chennai,Tamil Nadu,India,0,Switched Off,3 + 1 Dm,04-09-2026,Not Contacted,No,Preethi R,No Tag
1281,Rtn S Sundar Mba,Chennai,Tamil Nadu,India,0,Followup,3 + 1 Dm,04-09-2026,Not Contacted,No,Preethi R,Follow Up
1282,Arumai Nathan,Chennai,Tamil Nadu,India,0,Followup,3 + 1 Dm,04-09-2026,Not Contacted,No,Preethi R,Follow Up
1283,Akaash Anbu,Chennai,Tamil Nadu,India,0,Followup,3 + 1 Dm,04-09-2026,Not Contacted,No,Preethi R,Follow Up
1284,Ravindran Murugesan,Chennai,Tamil Nadu,India,0,Followup,3 + 1 Dm,04-09-2026,Not Contacted,No,Preethi R,No Tag
1285,Vinod,Chennai,Tamil Nadu,India,0,Followup,3 + 1 Dm,04-09-2026,Not Contacted,No,Preethi R,Busy
1286,Mohan,Chennai,Tamil Nadu,India,0,Invalid,3 + 1 Dm,04-09-2026,Not Contacted,No,Preethi R,No Tag
1287,Manikanda Raja,Chennai,Tamil Nadu,India,0,Followup,3 + 1 Dm,04-09-2026,Not Contacted,No,Preethi R,No Tag
1288,Vel R,Chennai,Tamil Nadu,India,0,New,3 + 1 Dm,04-09-2026,Not Contacted,No,Preethi R,No Tag
1289,Edward,Chennai,Tamil Nadu,India,0,Switched Off,3 + 1 Dm,04-09-2026,Not Contacted,No,Preethi R,Switched Off
1290,Ranjeet Dubey,Chennai,Tamil Nadu,India,0,Followup,3 + 1 Dm,04-09-2026,Not Contacted,No,Preethi R,Orm Related Project
1291,Senthil Kumar,Chennai,Tamil Nadu,India,0,Close Follow Up,3 + 1 Dm,04-09-2026,Not Contacted,No,Preethi R,Close Follow Up
1292,Senthil Kumar,Chennai,Tamil Nadu,India,0,Close Follow Up,3 + 1 Dm,04-09-2026,Not Contacted,No,Preethi R,Close Follow Up
1293,Suresh Kumar,Chennai,Tamil Nadu,India,0,Followup,3 + 1 Dm,04-09-2026,Not Contacted,No,Harish Kumar K,No Tag
1294,Leo Car Accessories,Chennai,Tamil Nadu,India,0,Customer,3 + 1 Dm,04-09-2026,Not Contacted,No,Prasanna S,No Tag
1295,Amala,Chennai,Tamil Nadu,India,0,Customer,3 + 1 Dm,04-09-2026,Not Contacted,No,Prasanna S,No Tag
1296,Focus Men S Wear,Chennai,Tamil Nadu,India,0,Customer,3 + 1 Dm,04-09-2026,Not Contacted,No,Prasanna S,No Tag
1297,Bipin Bansal,Chennai,Tamil Nadu,India,0,New,6999 Website Leads,04-09-2026,Not Contacted,No,Prasanna S,No Tag
1298,Best Buy,Chennai,Tamil Nadu,India,0,New,3 + 1 Dm,04-09-2026,Not Contacted,No,Preethi R,Call After 1 Hour
1299,Yasar Arabat,Chennai,Tamil Nadu,India,0,New,3 + 1 Dm,04-09-2026,Not Contacted,No,Preethi R,No Tag
1300,Shree,Chennai,Tamil Nadu,India,0,Close Follow Up,3 + 1 Dm,04-09-2026,Not Contacted,No,Preethi R,No Tag
1301,Selva A,Chennai,Tamil Nadu,India,0,New,3 + 1 Dm,04-09-2026,Not Contacted,No,Preethi R,Npc
1302,Sathya,Chennai,Tamil Nadu,India,0,Followup,3 + 1 Dm,04-09-2026,Not Contacted,No,Preethi R,Share The Proposal
1303,Prasanna Prabhakaran,Madurai,Tamil Nadu,India,0,Not Answering,6999 Website Leads,04-09-2026,Not Contacted,No,Prasanna S,No Tag
1304,Karthiga,Chennai,Tamil Nadu,India,0,Wrong Lead,3 + 1 Dm,04-09-2026,Not Contacted,No,Pon Bala Subramanian,No Tag
1305,Kiran,Chennai,Tamil Nadu,India,0,Not Responding,3 + 1 Dm,04-09-2026,Not Contacted,Yes,Pon Bala Subramanian,No Tag
1306,Manoj M,Krishnagiri,Tamil Nadu,India,0,Wrong Lead,3 + 1 Dm,04-09-2026,Not Contacted,No,Pon Bala Subramanian,No Tag
1307,Mr Kathir,Chennai,Tamil Nadu,India,0,Wrong Lead,3 + 1 Dm,04-09-2026,Not Contacted,No,Pon Bala Subramanian,No Tag
1308,Gokul Selvaraj Gs,Chennai,Tamil Nadu,India,0,Wrong Lead,3 + 1 Dm,04-09-2026,Not Contacted,No,Pon Bala Subramanian,No Tag
1309,Nathiya K,Chennai,Tamil Nadu,India,0,Invalid,3 + 1 Dm,04-09-2026,Not Contacted,Yes,Arut Selvan,No Tag
1310,Prabu,Chennai,Tamil Nadu,India,0,Followup,3 + 1 Dm,04-09-2026,Not Contacted,No,Preethi R,Call Back Later
1311,Regin Raj Muthukrishnan,Chennai,Tamil Nadu,India,0,Followup,3 + 1 Dm,04-09-2026,Not Contacted,No,Preethi R,Follow Up
1312,Dinesh Kumar Rajendran,Chennai,Tamil Nadu,India,0,Followup,3 + 1 Dm,04-09-2026,Not Contacted,No,Preethi R,Share The Details
1313,Selvaapalaniyappan,Chennai,Tamil Nadu,India,0,New,3 + 1 Dm,04-09-2026,Not Contacted,No,Preethi R,Npc
1314,Satheesh,Chennai,Tamil Nadu,India,0,New,3 + 1 Dm,04-09-2026,Not Contacted,No,Preethi R,No Tag
1315,Keerthi Rajkumar,Chennai,Tamil Nadu,India,0,New,3 + 1 Dm,04-09-2026,Not Contacted,No,Preethi R,No Tag
1316,Ja,Chennai,Tamil Nadu,India,0,Followup,3 + 1 Dm,04-09-2026,Not Contacted,No,Preethi R,Follow Up - Musician
1317,Manojprabhakar Mps,Chennai,Tamil Nadu,India,0,New,3 + 1 Dm,04-09-2026,Not Contacted,No,Preethi R,No Tag
1318,Pranes Suriyakumar,Chennai,Tamil Nadu,India,0,New,3 + 1 Dm,04-09-2026,Not Contacted,No,Preethi R,Npc
1319,M S Noor Mohamed,Chennai,Tamil Nadu,India,0,Followup,3 + 1 Dm,04-09-2026,Not Contacted,No,Preethi R,No Tag
1320,Jeyaraj,Chennai,Tamil Nadu,India,0,Followup,3 + 1 Dm,04-09-2026,Not Contacted,No,Harish Kumar K,No Tag
1321,Amir,Chennai,Tamil Nadu,India,0,Call Later,3 + 1 Dm,04-09-2026,Not Contacted,No,Harish Kumar K,No Tag
1322,Ravi,Chennai,Tamil Nadu,India,0,Followup,3 + 1 Dm,04-09-2026,Not Contacted,No,Harish Kumar K,No Tag
1323,Dheena,Chennai,Tamil Nadu,India,0,Followup,3 + 1 Dm,04-09-2026,Not Contacted,No,Harish Kumar K,No Tag
1324,Krithika,Chennai,Tamil Nadu,India,0,Followup,3 + 1 Dm,04-09-2026,Not Contacted,No,Harish Kumar K,No Tag
1325,Abilash,Chennai,Tamil Nadu,India,0,Followup,3 + 1 Dm,04-09-2026,Not Contacted,No,Harish Kumar K,No Tag
1326,Prem,Chennai,Tamil Nadu,India,0,Followup,3 + 1 Dm,04-09-2026,Not Contacted,No,Harish Kumar K,No Tag
1327,Karunai Prakash,Chennai,Tamil Nadu,India,0,Followup,Employee Reference,04-09-2026,Not Contacted,No,Harish Kumar K,No Tag
1328,Baskaran,Chennai,Tamil Nadu,India,0,Followup,Employee Reference,04-09-2026,Not Contacted,No,Harish Kumar K,No Tag
1329,Deveraj,Chennai,Tamil Nadu,India,0,Followup,3 + 1 Dm,04-09-2026,Not Contacted,No,Harish Kumar K,No Tag
1330,Bagavath Sign,Chennai,Tamil Nadu,India,0,Not Interested,3 + 1 Dm,04-09-2026,Not Contacted,No,Harish Kumar K,No Tag
1331,Sekar,Chennai,Tamil Nadu,India,0,Followup,3 + 1 Dm,04-09-2026,Not Contacted,No,Harish Kumar K,No Tag
1332,Radhika,Chennai,Tamil Nadu,India,0,Customer,3 + 1 Dm,04-09-2026,Not Contacted,No,Harish Kumar K,No Tag
1333,Leena,Chennai,Tamil Nadu,India,0,Followup,3 + 1 Dm,04-09-2026,Not Contacted,No,Harish Kumar K,No Tag
1334,Kavin,Chennai,Tamil Nadu,India,0,Not Answering,5 Services,04-09-2026,Not Contacted,No,Pon Bala Subramanian,No Tag
1335,Rakshi,Chennai,Tamil Nadu,India,0,Not Answering,5 Services,04-09-2026,Not Contacted,No,Pon Bala Subramanian,No Tag
1336,Madhu Selvaraj,Chennai,Tamil Nadu,India,0,Not Interested,5 Services,04-09-2026,Not Contacted,No,Pon Bala Subramanian,No Tag
1337,Alakudurai,Chennai,Tamil Nadu,India,0,Not Answering,5 Services,04-09-2026,Not Contacted,No,Pon Bala Subramanian,No Tag
1338,Eco Pest Control People,Chennai,Tamil Nadu,India,0,Details Has Sent Through Whatsapp,5 Services,04-09-2026,Not Contacted,No,Pon Bala Subramanian,No Tag
1339,Arun,Thirupattur,Tamil Nadu,India,0,Not Answering,5 Services,04-09-2026,Not Contacted,No,Pon Bala Subramanian,No Tag
1340,Gopalan Barathi,Chennai,Tamil Nadu,India,0,Not Answering,5 Services,04-09-2026,Not Contacted,No,Pon Bala Subramanian,No Tag
1341,Karthik Sundaram,Chennai,Tamil Nadu,India,0,Followup,3 + 1 Dm,04-09-2026,Not Contacted,No,Preethi R,After Sending Price Ni
1342,Karthick,Chennai,Tamil Nadu,India,0,Followup,3 + 1 Dm,04-09-2026,Not Contacted,No,Preethi R,No Tag
1343,Sankaranathan,Chennai,Tamil Nadu,India,0,Followup,3 + 1 Dm,04-09-2026,Not Contacted,No,Preethi R,"Follow Up, No Response"
1344,Anisha Sidd,Chennai,Tamil Nadu,India,0,Followup,3 + 1 Dm,04-09-2026,Not Contacted,No,Preethi R,Follow Up
1345,Ram,Chennai,Tamil Nadu,India,0,Not Reachable,3 + 1 Dm,04-09-2026,Not Contacted,No,Preethi R,Switch Off
1346,Venkatesh Babu,Chennai,Tamil Nadu,India,0,Followup,3 + 1 Dm,04-09-2026,Not Contacted,No,Preethi R,Manju Groups
1347,Deenadayalan Ananthasayanam,Chennai,Tamil Nadu,India,0,Followup,3 + 1 Dm,04-09-2026,Not Contacted,No,Preethi R,Follow Up
1348,Deenadayalan Ananthasayanam,Chennai,Tamil Nadu,India,0,Followup,3 + 1 Dm,04-09-2026,Not Contacted,No,Preethi R,Follow Up
1349,Venkatesan Mani,Chennai,Tamil Nadu,India,0,New,3 + 1 Dm,04-09-2026,Not Contacted,No,Preethi R,Npc
1350,Ramesh,Chennai,Tamil Nadu,India,0,New,3 + 1 Dm,04-09-2026,Not Contacted,No,Preethi R,Npc
1351,Ramesh,Chennai,Tamil Nadu,India,0,New,3 + 1 Dm,04-09-2026,Not Contacted,No,Preethi R,Npc
1352,Gro Glo Clinic,Chennai,Tamil Nadu,India,0,Followup,3 + 1 Dm,04-09-2026,Not Contacted,No,Preethi R,Need Only Website
1353,Snap Storis,Chennai,Tamil Nadu,India,0,New,3 + 1 Dm,04-09-2026,Not Contacted,No,Preethi R,Follow Up
1354,Jose Stalin,Chennai,Tamil Nadu,India,0,New,3 + 1 Dm,04-09-2026,Not Contacted,No,Preethi R,Npc
1355,Dr J P Kirankumar,Chennai,Tamil Nadu,India,0,Followup,3 + 1 Dm,04-09-2026,Not Contacted,No,Preethi R,Follow Up
1356,Prabu,Chennai,Tamil Nadu,India,0,New,3 + 1 Dm,04-09-2026,Not Contacted,No,Preethi R,Not Reachable
1357,Bala,Chennai,Tamil Nadu,India,0,Followup,3 + 1 Dm,04-09-2026,Not Contacted,No,Preethi R,Follow Up
1358,Chandrika Saranya,Chennai,Tamil Nadu,India,0,Followup,3 + 1 Dm,04-09-2026,Not Contacted,No,Harish Kumar K,No Tag
1359,Venugopal,Chennai,Tamil Nadu,India,0,Not Interested,3 + 1 Dm,04-09-2026,Not Contacted,No,Preethi R,Not Interested
1360,Thiripurasundari P N,Chennai,Tamil Nadu,India,0,New,3 + 1 Dm,04-09-2026,Not Contacted,No,Preethi R,Npc
1361,Saravanan Kasirajan,Chennai,Tamilnadu,India,0,Customer,3 + 1 Dm,1723-08-11,1723-08-11,No,Prasanna S,No Tag
1362,Pets Partner Official,Madurai,Tamil Nadu,India,-1,Followup,3 + 1 Dm,04-09-2026,Not Contacted,No,Preethi R,No Tag
1363,Aboo Laize,Chennai,Tamil Nadu,India,0,Followup,Dm Reel New,04-09-2026,Not Contacted,No,Preethi R,No Tag
1364,Abishek Chakkaravarthi,Chennai,Tamil Nadu,India,0,Followup,Dm Reel New,04-09-2026,Not Contacted,No,Pon Bala Subramanian,No Tag
1365,Dhandapani Subramanian,Chennai,Tamil Nadu,India,0,Not Interested,Dm Reel New,04-09-2026,Not Contacted,Yes,Arut Selvan,No Tag
1366,Monty,Chennai,Tamil Nadu,India,0,Not Reachable,Dm Reel New,04-09-2026,Not Contacted,Yes,Pon Bala Subramanian,No Tag
1367,Kavi Kumar,Chennai,Tamil Nadu,India,0,New,Dm Reel New,04-09-2026,Not Contacted,No,Preethi R,No Tag
1368,Gautham,Chennai,Tamil Nadu,India,0,New,Dm Reel New,04-09-2026,Not Contacted,No,Preethi R,No Tag
1369,Jayachandran,Chennai,Tamil Nadu,India,0,Not Interested,Dm Reel New,04-09-2026,Not Contacted,Yes,Pon Bala Subramanian,No Tag
1370,Abishek Chakkaravarthi,Chennai,Tamil Nadu,India,0,New,Dm Reel New,04-09-2026,Not Contacted,No,Preethi R,No Tag
1371,Aboo Laize,Chennai,Tamil Nadu,India,0,Not Interested,Dm Reel New,04-09-2026,Not Contacted,Yes,Pon Bala Subramanian,No Tag
1372,Pets Partner Official,Chennai,Tamil Nadu,India,0,New,Dm Reel New,04-09-2026,Not Contacted,No,Preethi R,No Tag
1373,Unknown Name,Coimbatore,Tamil Nadu,India,0,New,Dm Reel New,04-09-2026,Not Contacted,No,Preethi R,No Tag
1375,Santhosh Sandy,Chennai,Tamil Nadu,India,0,New,Dm Reel New,04-09-2026,Not Contacted,No,Preethi R,No Tag
1376,Fross,Chennai,Tamil Nadu,India,0,New,Dm Reel New,04-09-2026,Not Contacted,No,Preethi R,No Tag
1377,Pavitra,Chennai,Tamil Nadu,India,0,New,Dm Reel New,04-09-2026,Not Contacted,No,Preethi R,No Tag
1378,Vijay Kumar,Chennai,Tamil Nadu,India,0,New,Dm Reel New,04-09-2026,Not Contacted,No,Preethi R,No Tag
1379,Dhanush Rajasekar,Chennai,Tamil Nadu,India,0,New,Dm Reel New,04-09-2026,Not Contacted,No,Preethi R,No Tag
1380,Saravanan Subramanian,Chennai,Tamil Nadu,India,0,New,Dm Reel New,04-09-2026,Not Contacted,No,Preethi R,No Tag
1381,Ram Esh,Chennai,Tamil Nadu,India,0,New,Dm Reel New,04-09-2026,Not Contacted,No,Preethi R,No Tag
1382,Aaribyviji,Coimbatore,Tamil Nadu,India,0,New,Dm Reel New,04-09-2026,Not Contacted,No,Preethi R,No Tag
1383,Prakash,Coimbatore,Tamil Nadu,India,14000,Customer,Employee Reference,04-09-2026,Not Contacted,No,Preethi R,Dm Lead
1384,Hameed Abbas,Chennai,Tamil Nadu,India,40000,Customer,3 + 1 Dm,04-09-2026,Not Contacted,No,Preethi R,Website An Dm
1385,Vishwa Viswanathan,Chennai,Tamil Nadu,India,0,New,Dm Reel New,04-09-2026,Not Contacted,No,Preethi R,Engaged
1386,Shake Abdul,Chennai,Tamil Nadu,India,0,New,"Dm24,999-Vivek",04-09-2026,Not Contacted,Yes,Darvin Wgs,Saturday Walk-In
1387,Raj Cb,Coimbatore,Tamil Nadu,India,0,New,Dm Reel New,04-09-2026,Not Contacted,No,Preethi R,Npc
1388,Karthikeyan R,Chennai,Tamil Nadu,India,0,New,Dm Reel New,04-09-2026,Not Contacted,No,Preethi R,Busy
1389,Aakash,Chennai,Tamil Nadu,India,0,Not Reachable,Dm Reel New,04-09-2026,Not Contacted,No,Preethi R,Not Required
1390,M M L V R V S,Chennai,Tamil Nadu,India,0,New,Dm Reel New,04-09-2026,Not Contacted,No,Preethi R,Npc
1391,Praveen,Chennai,Tamil Nadu,India,0,New,Dm Reel New,04-09-2026,Not Contacted,No,Prem Kumar,No Tag
1392,Kannan,Chennai,Tamil Nadu,India,0,New,Dm Reel New,04-09-2026,Not Contacted,No,Prem Kumar,No Tag
1393,Vandimandi,Chennai,Tamil Nadu,India,0,Call Later,Dm Reel New,04-09-2026,Not Contacted,Yes,Arut Selvan,No Tag
1394,Vairavel,Chennai,Tamil Nadu,India,0,Switched Off,Dm Reel New,04-09-2026,Not Contacted,Yes,Arut Selvan,No Tag
1395,Jp Wedding Event Decorators,Chennai,Tamil Nadu,India,0,Not Interested,Dm Reel New,04-09-2026,Not Contacted,Yes,Arut Selvan,No Tag
1396,Abu Tgc,Chennai,Tamil Nadu,India,0,Not Answering,Dm Reel New,04-09-2026,Not Contacted,Yes,Arut Selvan,No Tag
1397,Abu Tgc,Chennai,Tamil Nadu,India,0,New,Dm Reel New,04-09-2026,Not Contacted,No,Prem Kumar,No Tag
1398,Kalidass P,Chennai,Tamil Nadu,India,0,Followup,Dm Reel New,04-09-2026,Not Contacted,Yes,Arut Selvan,No Tag
1399,Sandhya Saravana,Chennai,Tamil Nadu,India,0,Followup,Dm Reel New,04-09-2026,Not Contacted,Yes,Arut Selvan,No Tag
1400,Hariharan Hari,Chennai,Tamil Nadu,India,0,Invalid,Dm Reel New,04-09-2026,Not Contacted,Yes,Arut Selvan,No Tag
1401,B S Prabhu,Chennai,Tamil Nadu,India,0,New,Dm Reel New,04-09-2026,Not Contacted,No,Prem Kumar,No Tag
1402,Gokul Siva,Chennai,Tamil Nadu,India,0,Switched Off,Dm Reel New,04-09-2026,Not Contacted,Yes,Arut Selvan,No Tag
1403,Amoha,Chennai,Tamil Nadu,India,0,Followup,Dm Reel New,04-09-2026,Not Contacted,Yes,Arut Selvan,No Tag
1404,Yasmin,Chennai,Tamil Nadu,India,0,Unsucessful Call,Dm Reel New,04-09-2026,Not Contacted,Yes,Arut Selvan,No Tag
1405,Ar Anbu,Chennai,Tamil Nadu,India,0,New,Dm Reel New,04-09-2026,Not Contacted,No,Prem Kumar,No Tag
1406,Sathya Moorthy,Chennai,Tamil Nadu,India,0,Already Have One,Dm Reel New,04-09-2026,Not Contacted,Yes,Arut Selvan,No Tag
1407,Shams Academy,Chennai,Tamil Nadu,India,0,Close Follow Up,Dm Reel New,04-09-2026,Not Contacted,Yes,Arut Selvan,No Tag
1408,Sandhya Cheyyuri,Chennai,Tamil Nadu,India,0,Closed By Other Team,Dm Reel New,04-09-2026,Not Contacted,Yes,Arut Selvan,No Tag
1409,Alagiri,Chennai,Tamil Nadu,India,0,New,Dm Reel New,04-09-2026,Not Contacted,No,Prem Kumar,No Tag
1410,G Ram,Chennai,Tamil Nadu,India,0,Not Reachable,Dm Reel New,04-09-2026,Not Contacted,Yes,Pon Bala Subramanian,No Tag
1411,Muthu Venkatesh,Chennai,Tamil Nadu,India,0,New,"Dm 24,999",04-09-2026,Not Contacted,Yes,Prem Kumar,No Tag
1412,Dharmananda Kumaresha,Chennai,Tamil Nadu,India,0,Unsucessful Call,Dm Reel New,04-09-2026,Not Contacted,Yes,Pon Bala Subramanian,No Tag
1413,Kadhir Ganapathy,Chennai,Tamil Nadu,India,0,New,Dm Reel New,04-09-2026,Not Contacted,No,Prem Kumar,No Tag
1414,Prabhu Ravi,Chennai,Tamil Nadu,India,0,New,Dm Reel New,04-09-2026,Not Contacted,No,Prem Kumar,No Tag
1415,Sami Samy,Chennai,Tamil Nadu,India,0,New,Dm Reel New,04-09-2026,Not Contacted,No,Prem Kumar,No Tag
1416,Vijay Babu,Chennai,Tamil Nadu,India,0,New,Dm Reel New,04-09-2026,Not Contacted,No,Prem Kumar,No Tag
1417,Shivamaalini,Chennai,Tamil Nadu,India,0,New,Dm Reel New,04-09-2026,Not Contacted,No,Prem Kumar,No Tag
1418,Vinodh S,Chennai,Tamil Nadu,India,0,New,Dm Reel New,04-09-2026,Not Contacted,No,Prem Kumar,No Tag
1419,Shobana,Chennai,Tamil Nadu,India,0,Looking For Job,App Development 26-7-24,04-09-2026,Not Contacted,Yes,Pon Bala Subramanian,No Tag
1420,Vbarathkumar,Chennai,Tamil Nadu,India,0,New,Dm Reel New,04-09-2026,Not Contacted,No,Prem Kumar,No Tag
1421,Bhaskar Bandi,Chennai,Tamil Nadu,India,0,New,Dm Reel New,04-09-2026,Not Contacted,No,Prem Kumar,No Tag
1422,B Ramesh Mudhiraj,Chennai,Tamil Nadu,India,0,New,Dm Reel New,04-09-2026,Not Contacted,No,Prem Kumar,No Tag
1423,M Yousuf Ali,Chennai,Tamil Nadu,India,0,New,Dm Reel New,04-09-2026,Not Contacted,No,Prem Kumar,No Tag
1424,Unknown Name,Chennai,Tamil Nadu,India,0,New,Dm Reel New,04-09-2026,Not Contacted,No,Prem Kumar,No Tag
1425,Sundar Sundarcp,Chennai,Tamil Nadu,India,0,Not Interested,Dm Reel New,04-09-2026,Not Contacted,No,Pon Bala Subramanian,No Tag
1426,Raja Mohamed,Chennai,Tamil Nadu,India,0,New,Dm Reel New,04-09-2026,Not Contacted,No,Prem Kumar,No Tag
1427,Raj,Chennai,Tamil Nadu,India,0,New,Dm Reel New,04-09-2026,Not Contacted,No,Prem Kumar,No Tag
1428,Fagun Baske,Chennai,Tamil Nadu,India,0,New,Dm Reel New,04-09-2026,Not Contacted,No,Prem Kumar,No Tag
1429,Sel Vam,Chennai,Tamil Nadu,India,0,New,Dm Reel New,04-09-2026,Not Contacted,No,Prem Kumar,No Tag
1430,Sureshkumar Sureshm,Chennai,Tamil Nadu,India,0,Customer,3 + 1 Dm,04-09-2026,Not Contacted,No,Preethi R,"Website, Dm"
1431,Odis Business Solutions,Chennai,Tamil Nadu,India,0,Customer,3 + 1 Dm,04-09-2026,Not Contacted,No,Prasanna S,No Tag
1432,Hariharasudhan,Chennai,Tamil Nadu,India,0,New,3 + 1 Dm,04-09-2026,Not Contacted,No,Preethi R,Npc
1433,Magesh Kumar,Chennai,Tamil Nadu,India,0,Not Interested,App Dev,04-09-2026,Not Contacted,Yes,Jeevitha  D,No Tag
1434,Ram Doss,Chennai,Tamil Nadu,India,0,Followup,Ecommerce Lead,04-09-2026,Not Contacted,Yes,Jeevitha  D,Follow Up
1435,Bridal Boutique,Chennai,Tamil Nadu,India,0,Followup,3 + 1 Dm,04-09-2026,Not Contacted,No,Preethi R,Call Later
1436,Shaan Rahman,Chennai,Tamil Nadu,India,0,New,3 + 1 Dm,04-09-2026,Not Contacted,No,Preethi R,Switched Off
1437,Gopinath,Chennai,Tamil Nadu,India,0,Followup,3 + 1 Dm,04-09-2026,Not Contacted,No,Gayathri  R,"Proposal Shared, Green Home"
1438,Santhosh Kende,Chennai,Tamil Nadu,India,0,Followup,3 + 1 Dm,04-09-2026,Not Contacted,No,Gayathri  R,Call Back Later
1439,Shri Krishnan,Chennai,Tamil Nadu,India,0,Followup,3 + 1 Dm,04-09-2026,Not Contacted,No,Gayathri  R,Follow Up
1440,Sasi Kumar,Chennai,Tamil Nadu,India,0,New,3 + 1 Dm,04-09-2026,Not Contacted,No,Gayathri  R,Not Answering
1441,Jai Kumar,Chennai,Tamil Nadu,India,0,Followup,3 + 1 Dm,04-09-2026,Not Contacted,Yes,Gayathri  R,"Not Answering, Need To Share The Details / Tomorrow Evening 5.00Pm Need To Call Back Again"
1442,Arun Prasath,Chennai,Tamil Nadu,India,0,New,3 + 1 Dm,04-09-2026,Not Contacted,No,Gayathri  R,Will Call By 3Pm
1443,Karan Challani,Chennai,Tamil Nadu,India,0,New,3 + 1 Dm,04-09-2026,Not Contacted,No,Gayathri  R,Follow Up
1444,Suresh,Chennai,Tamil Nadu,India,0,New,3 + 1 Dm,04-09-2026,Not Contacted,No,Gayathri  R,Not Interested
1445,Kathiravan Selvamuthu,Chennai,Tamil Nadu,India,0,New,3 + 1 Dm,04-09-2026,Not Contacted,No,Gayathri  R,Not Answering
1446,Latha,Chennai,Tamil Nadu,India,0,New,3 + 1 Dm,04-09-2026,Not Contacted,No,Gayathri  R,Number Out Of Service
1447,Siva Sivakumar,Chennai,Tamil Nadu,India,0,New,3 + 1 Dm,04-09-2026,Not Contacted,No,Gayathri  R,Not Interested
1448,Selvam,Chennai,Tamil Nadu,India,0,New,3 + 1 Dm,04-09-2026,Not Contacted,No,Gayathri  R,Follow Up
1449,Uniform Cart Doxxi Apparel Pvt Ltd,Chennai,Tamil Nadu,India,0,Followup,3 + 1 Dm,04-09-2026,Not Contacted,No,Gayathri  R,Proposal Sent
1450,Kala Nithi,Chennai,Tamil Nadu,India,0,New,3 + 1 Dm,04-09-2026,Not Contacted,No,Gayathri  R,Number Invalid
1451,Nisha Botique,Chennai,Tamil Nadu,India,0,Not Interested,3 + 1 Dm,04-09-2026,Not Contacted,No,Gayathri  R,Not Required As Of Now.
1452,Sivasubramanian Shanmguam,Chennai,Tamil Nadu,India,0,New,3 + 1 Dm,04-09-2026,Not Contacted,No,Gayathri  R,Follow Up
1453,Sundravel,Chennai,Tamil Nadu,India,0,Not Interested,3 + 1 Dm,04-09-2026,Not Contacted,No,Gayathri  R,No Tag
1454,Saravanakumar N S,Chennai,Tamil Nadu,India,0,New,3 + 1 Dm,04-09-2026,Not Contacted,No,Gayathri  R,Follow Up
1455,Saravanakumar N S,Chennai,Tamil Nadu,India,0,New,3 + 1 Dm,04-09-2026,Not Contacted,No,Gayathri  R,Follow Up
1456,Kunju Mohamed,Chennai,Tamil Nadu,India,0,New,3 + 1 Dm,04-09-2026,Not Contacted,No,Gayathri  R,Not Answering
1457,Sree Prabhu,Chennai,Tamil Nadu,India,0,Not Interested,3 + 1 Dm,04-09-2026,Not Contacted,No,Gayathri  R,Not Needed
1458,Hussain Zenith,Chennai,Tamil Nadu,India,0,New,3 + 1 Dm,04-09-2026,Not Contacted,No,Gayathri  R,Follow Up
1459,Balraja Subbusamyraja,Chennai,Tamil Nadu,India,0,New,3 + 1 Dm,04-09-2026,Not Contacted,No,Gayathri  R,Follow Up
1460,Wissam Ahmad,Chennai,Tamil Nadu,India,0,New,Mobile App Lead,04-09-2026,Not Contacted,Yes,Andrews Wgs,No Tag
1461,Veera Marban,Dindigul,Tamil Nadu,India,0,Not Answering,3 + 1 Dm,1728-11-27,1728-11-27,No,Prasanna S,Npc
1462,Maseth Manikkam,Dharumapuri,Tamil Nadu,India,0,Followup,3 + 1 Dm,04-09-2026,Not Contacted,No,Preethi R,Cannot Afford
1463,Venkat Mech,Chennai,Tamil Nadu,India,0,Followup,3 + 1 Dm,04-09-2026,Not Contacted,No,Preethi R,"Call Later, Npc"
1464,Arulmurugan,Chennai,Tamil Nadu,India,0,Followup,3 + 1 Dm,04-09-2026,Not Contacted,No,Preethi R,Follw Up
1465,Surendhar,Krishnagiri,Tamil Nadu,India,0,Followup,3 + 1 Dm,04-09-2026,Not Contacted,No,Preethi R,Follow Up
1466,Pramosdevha,Chennai,Tamil Nadu,India,0,Close Follow Up,3 + 1 Dm,04-09-2026,Not Contacted,No,Preethi R,Monday 06-10-24
1467,Clem,Chennai,Tamil Nadu,India,0,Followup,3 + 1 Dm,04-09-2026,Not Contacted,No,Preethi R,He Is In It Company
1468,Thomas,Chennai,Tamil Nadu,India,0,New,3 + 1 Dm,04-09-2026,Not Contacted,No,Preethi R,Not Reachable
1469,Daniel Mark Earnest,Chennai,Tamil Nadu,India,0,New,3 + 1 Dm,04-09-2026,Not Contacted,No,Preethi R,Npc
1470,Dr Kithiyon King Jk,Chennai,Tamil Nadu,India,0,Close Follow Up,Mobile App Lead,04-09-2026,Not Contacted,Yes,Jeevitha  D,No Tag
1471,Sengottuvel Rathan,Chennai,Tamil Nadu,India,0,Followup,3 + 1 Dm,04-09-2026,Not Contacted,No,Preethi R,Close
1472,Keerthi,Chennai,Tamil Nadu,India,0,New,3 + 1 Dm,04-09-2026,Not Contacted,No,Preethi R,Not Yet Working
1473,Gaja Kumar Mba,Chennai,Tamil Nadu,India,0,Followup,3 + 1 Dm,04-09-2026,Not Contacted,No,Preethi R,Course
1474,S T Anantha,Chennai,Tamil Nadu,India,0,Followup,3 + 1 Dm,04-09-2026,Not Contacted,Yes,Preethi R,"Call Back, Not Answering"
1475,Mohan Babu J,Chennai,Tamil Nadu,India,0,Close Follow Up,3 + 1 Dm,04-09-2026,Not Contacted,No,Preethi R,Close Follow Up
1476,Harshit Chouhan,Chennai,Tamil Nadu,India,0,New,3 + 1 Dm,04-09-2026,Not Contacted,No,Preethi R,Npc
1477,Kaliyappan,Chennai,Tamil Nadu,India,0,Not Interested,3 + 1 Dm,04-09-2026,Not Contacted,No,Preethi R,Not Required
1478,Jalal Silks And Sarees,Chennai,Tamil Nadu,India,0,Not Interested,3 + 1 Dm,04-09-2026,Not Contacted,No,Preethi R,Already Having Team
1479,Kanagavel Jeyakumar,Chennai,Tamil Nadu,India,0,Not Interested,3 + 1 Dm,04-09-2026,Not Contacted,No,Preethi R,Not Required
1480,Phani Naidu,Chennai,Tamil Nadu,India,0,Followup,3 + 1 Dm,04-09-2026,Not Contacted,No,Prasanna S,Follw Up
1481,Ramesh Pandi Pandu,Sivakasi,Tamil Nadu,India,0,Followup,3 + 1 Dm,04-09-2026,Not Contacted,No,Prasanna S,Follw Up
1482,Vetri Arasan A,Chennai,Tamil Nadu,India,0,Followup,3 + 1 Dm,04-09-2026,Not Contacted,No,Prasanna S,Follw Up
1483,Kiran Das,Chennai,Tamil Nadu,India,0,Followup,3 + 1 Dm,04-09-2026,Not Contacted,No,Prasanna S,Follow Up
1484,Syed,Chennai,Tamil Nadu,India,0,Followup,3 + 1 Dm,04-09-2026,Not Contacted,No,Prasanna S,Follow Up
1485,Rekha Senguttuvan,Chennai,Tamil Nadu,India,0,Followup,3 + 1 Dm,04-09-2026,Not Contacted,No,Prasanna S,Follow Up
1486,Gowtham P,Chennai,Tamil Nadu,India,0,Followup,3 + 1 Dm,04-09-2026,Not Contacted,No,Prasanna S,Follow Up
1487,Moorthijai,Chennai,Tamil Nadu,India,0,Not Interested,3 + 1 Dm,04-09-2026,Not Contacted,No,Prasanna S,Not Interested
1488,Selvakumar Marimuthu,Chennai,Tamil Nadu,India,0,Followup,3 + 1 Dm,04-09-2026,Not Contacted,No,Prasanna S,Follow Up
1489,Nishar As,Chennai,Tamil Nadu,India,0,Followup,3 + 1 Dm,04-09-2026,Not Contacted,No,Prasanna S,Follw Up
1490,The Saanvi,Chennai,Tamil Nadu,India,0,Followup,3 + 1 Dm,04-09-2026,Not Contacted,No,Prasanna S,Follow Up
1491,Blessy,Chennai,Tamil Nadu,India,0,Followup,3 + 1 Dm,04-09-2026,Not Contacted,No,Prasanna S,Follow Up
1492,Thamodaran,Chennai,Tamil Nadu,India,0,Not Answering,3 + 1 Dm,04-09-2026,Not Contacted,No,Prasanna S,Follow Up
1493,Ahamed Sheik,Chennai,Tamil Nadu,India,0,Followup,3 + 1 Dm,04-09-2026,Not Contacted,No,Prasanna S,Follow Up
1494,Dhanapal Emrose,Chennai,Tamil Nadu,India,0,Followup,3 + 1 Dm,04-09-2026,Not Contacted,No,Prasanna S,Follow Up
1495,Johnson Chacko,Chennai,Tamil Nadu,India,0,Followup,3 + 1 Dm,04-09-2026,Not Contacted,No,Prasanna S,Follow Up
1496,Ratheesh,Chennai,Tamil Nadu,India,0,Not Answering,3 + 1 Dm,04-09-2026,Not Contacted,No,Gayathri  R,No Tag
1497,Rental Cars In Coimbatore,Chennai,Tamil Nadu,India,0,Not Reachable,3 + 1 Dm,04-09-2026,Not Contacted,No,Gayathri  R,Call Is Not Getting Connected.
1498,Bharath,Chennai,Tamil Nadu,India,0,Followup,3 + 1 Dm,04-09-2026,Not Contacted,No,Gayathri  R,Follw Up
1499,Mahendran Mahi,Chennai,Tamil Nadu,India,0,Out Of Service,3 + 1 Dm,04-09-2026,Not Contacted,No,Gayathri  R,Number Out Of Service
1500,Manjunath Chowdarya,Chennai,Tamil Nadu,India,0,Not Interested,3 + 1 Dm,04-09-2026,Not Contacted,No,Gayathri  R,No Tag
1501,Mythili Gopi,Chennai,Tamil Nadu,India,0,Followup,3 + 1 Dm,04-09-2026,Not Contacted,No,Gayathri  R,No Tag
1502,Selvakumar Paulraj,Chennai,Tamil Nadu,India,0,Followup,3 + 1 Dm,04-09-2026,Not Contacted,No,Gayathri  R,Call Declined
1503,Stephen Prakhasham,Chennai,Tamil Nadu,India,0,Followup,3 + 1 Dm,04-09-2026,Not Contacted,No,Gayathri  R,Follow Up
1504,Sundar,Chennai,Tamil Nadu,India,0,Followup,3 + 1 Dm,04-09-2026,Not Contacted,No,Gayathri  R,Follw Up
1505,Shanmugam,Chennai,Tamil Nadu,India,0,Followup,3 + 1 Dm,04-09-2026,Not Contacted,No,Gayathri  R,Follow Up
1506,Hasan,Chennai,Tamil Nadu,India,0,Followup,3 + 1 Dm,04-09-2026,Not Contacted,No,Gayathri  R,Follow Up
1507,Vinay Gowda,Chennai,Tamil Nadu,India,0,Other Language,3 + 1 Dm,04-09-2026,Not Contacted,No,Gayathri  R,Only Hindi Or Kannada
1508,Mani Kandan,Chennai,Tamil Nadu,India,0,Followup,3 + 1 Dm,04-09-2026,Not Contacted,No,Gayathri  R,Follw Up
1509,Devika S,Chennai,Tamil Nadu,India,0,Not Interested,3 + 1 Dm,04-09-2026,Not Contacted,No,Gayathri  R,Not Needed
1510,Karthik Dhayalan,Chennai,Tamil Nadu,India,0,Followup,3 + 1 Dm,04-09-2026,Not Contacted,No,Gayathri  R,Follow Up
1511,Aiyappan Boss,Chennai,Tamil Nadu,India,0,Followup,3 + 1 Dm,04-09-2026,Not Contacted,No,Gayathri  R,Follow Up
1512,Unknown Name,Chennai,Tamil Nadu,India,0,Followup,3 + 1 Dm,04-09-2026,Not Contacted,No,Gayathri  R,Follow Up
1513,Sivarama Krishnan,Chennai,Tamil Nadu,India,0,Followup,3 + 1 Dm,04-09-2026,Not Contacted,No,Gayathri  R,Follow Up
1514,Siva Subramanian,Chennai,Tamil Nadu,India,0,Followup,3 + 1 Dm,04-09-2026,Not Contacted,No,Gayathri  R,Follow Up
1515,Smart Sendur,Chennai,Tamil Nadu,India,0,Followup,3 + 1 Dm,04-09-2026,Not Contacted,No,Gayathri  R,Follow Up
1516,Kavitha Sashi Kumar,Chennai,Tamil Nadu,India,0,Not Answering,3 + 1 Dm,04-09-2026,Not Contacted,No,Gayathri  R,Follow Up
1517,Waycup,Chennai,Tamil Nadu,India,0,Not Reachable,3 + 1 Dm,04-09-2026,Not Contacted,No,Gayathri  R,Follow Up
1518,Premachandran,Chennai,Tamil Nadu,India,0,Not Answering,3 + 1 Dm,04-09-2026,Not Contacted,No,Gayathri  R,Follow Up
1519,Sekar,Chennai,Tamil Nadu,India,0,Followup,3 + 1 Dm,04-09-2026,Not Contacted,No,Gayathri  R,Follow Up
1520,Robotech Education Institute Private Limited,Chennai,Tamil Nadu,India,0,Not Reachable,3 + 1 Dm,04-09-2026,Not Contacted,No,Gayathri  R,Follow Up
1521,Tummyblis Maternitycommunity,Chennai,Tamil Nadu,India,0,Not Answering,3 + 1 Dm,04-09-2026,Not Contacted,No,Gayathri  R,Follow Up
1522,Naresh Narasiman,Chennai,Tamil Nadu,India,0,Followup,3 + 1 Dm,04-09-2026,Not Contacted,No,Gayathri  R,Follow Up
1523,Viju K V,Chennai,Tamil Nadu,India,0,Not Answering,3 + 1 Dm,04-09-2026,Not Contacted,No,Gayathri  R,Follow Up
1524,Va Arul Durai,Chennai,Tamil Nadu,India,0,Not Answering,3 + 1 Dm,04-09-2026,Not Contacted,No,Gayathri  R,Follow Up
1525,Gokul Krishna Moorthy,Madurai,Tamilnadu,India,0,Not Answering,3 + 1 Dm,04-09-2026,Not Contacted,No,Gayathri  R,Follow Up
1526,Senthil Kumar,Coimbatore,Tamil Nadu,India,0,Followup,3 + 1 Dm,04-09-2026,Not Contacted,No,Gayathri  R,No Tag
1527,Palu Tamil,Chennai,Tamil Nadu,India,0,Followup,3 + 1 Dm,04-09-2026,Not Contacted,No,Gayathri  R,Follow Up
1528,Sachin,Chennai,Tamil Nadu,India,0,Not Answering,3 + 1 Dm,04-09-2026,Not Contacted,No,Gayathri  R,Follow Up
1529,Dotex Courier,Chennai,Tamil Nadu,India,0,Followup,3 + 1 Dm,04-09-2026,Not Contacted,No,Gayathri  R,Follow Up
1530,Kanchi Sravan Kumar,Chennai,Tamil Nadu,India,0,Followup,3 + 1 Dm,04-09-2026,Not Contacted,No,Gayathri  R,Follow Up
1531,S K,Coimbatore,Tamil Nadu,India,0,Not Interested,3 + 1 Dm,04-09-2026,Not Contacted,No,Gayathri  R,Not Needed As Of Now
1532,Saravanan Tirupur,Tiruppur,Tamil Nadu,India,0,Followup,3 + 1 Dm,04-09-2026,Not Contacted,No,Gayathri  R,Follow Up
1533,Kumar B K,Bangalore,Tamil Nadu,India,0,Call Later,3 + 1 Dm,1729-01-24,Not Contacted,No,Gayathri  R,Follow Up
1534,Rubin Isaac,Chennai,Tamil Nadu,India,0,Followup,3 + 1 Dm,1729-02-24,Not Contacted,No,Gayathri  R,Follow Up
1535,Parab Maulik Thakkar,Chennai,Tamil Nadu,India,0,Other Language,3 + 1 Dm,1729-04-24,Not Contacted,No,Gayathri  R,Follow Up
1536,Joice Johi,Chennai,Tamil Nadu,India,0,Not Reachable,3 + 1 Dm,1729-05-24,Not Contacted,No,Gayathri  R,Follow Up
1537,Deepa,Pondicherry,Tamil Nadu,India,0,Not Answering,3 + 1 Dm,1729-06-24,Not Contacted,No,Gayathri  R,Follow Up
1538,Karthik Kumar,Hosur,Tamil Nadu,India,0,Followup,3 + 1 Dm,1729-08-24,Not Contacted,No,Gayathri  R,Follow Up
1539,Karthik,Bangalore,Tamil Nadu,India,0,Followup,3 + 1 Dm,1729-09-24,Not Contacted,No,Gayathri  R,Follow Up
1540,Dhamu Dharan,Chennai,Tamil Nadu,India,0,Call Later,3 + 1 Dm,04-09-2026,Not Contacted,No,Gayathri  R,Call Declined
1541,Karthik Karthik,Tiruchirappalli,Tamil Nadu,India,0,Followup,3 + 1 Dm,04-09-2026,Not Contacted,No,Gayathri  R,Follow Up
1542,Prabhas,Coimbatore,Tamil Nadu,India,0,Followup,3 + 1 Dm,04-09-2026,Not Contacted,No,Gayathri  R,Follow Up
1543,Rajesh,Chennai,Tamil Nadu,India,0,Followup,3 + 1 Dm,04-09-2026,Not Contacted,No,Gayathri  R,Follow Up
1544,Sai,Salem,Tamil Nadu,India,0,Not Answering,3 + 1 Dm,04-09-2026,Not Contacted,No,Gayathri  R,Not Answering
1545,Muthu Vignesh,Madurai,Tamil Nadu,India,0,Not Answering,3 + 1 Dm,04-09-2026,Not Contacted,No,Gayathri  R,Call Declined
1546,Raajan Np,Chennai,Tamil Nadu,India,0,Not Answering,3 + 1 Dm,04-09-2026,Not Contacted,No,Gayathri  R,Follow Up
1547,Senthil,Salem,Tamil Nadu,India,10000,Customer,3 + 1 Dm,04-09-2026,Not Contacted,No,Gayathri  R,Follow Up
1548,Malini,Chennai,Tamil Nadu,India,0,Followup,3 + 1 Dm,04-09-2026,Not Contacted,No,Preethi R,Follow Up
1549,Gk Boopathi Rajan,Erode,Tamil Nadu,India,0,Not Interested,Mobile App Lead,04-09-2026,Not Contacted,Yes,Jeevitha  D,No Tag
1550,Sri Shanmugam,Chennai,Tamil Nadu,India,0,Not Answering,3 + 1 Dm,04-09-2026,Not Contacted,No,Gayathri  R,Follow Up
1551,Meenakshi John,Chennai,Tamil Nadu,India,0,Not Answering,3 + 1 Dm,04-09-2026,Not Contacted,No,Preethi R,Follow Up
1552,Sumaiya Tabassum,Mysore,Tamil Nadu,India,0,Followup,3 + 1 Dm,04-09-2026,Not Contacted,No,Preethi R,Follow Up
1553,Mohamed Farook,Salem,Tamil Nadu,India,0,Followup,3 + 1 Dm,04-09-2026,Not Contacted,No,Preethi R,Follow Up
1554,Saravanan M,Bangalore,Tamil Nadu,India,0,Followup,3 + 1 Dm,04-09-2026,Not Contacted,No,Preethi R,Busy
1555,Rtnanand Sri,Hosur,Tamil Nadu,India,0,Followup,3 + 1 Dm,04-09-2026,Not Contacted,No,Preethi R,Follow Up
1556,Anilkumar,Port Blair,Tamil Nadu,India,0,Followup,3 + 1 Dm,04-09-2026,Not Contacted,No,Preethi R,Follow Up
1557,Corel Art Gifts,Nagercoil,Tamil Nadu,India,0,Not Interested,"Dm 24,999",04-09-2026,Not Contacted,Yes,Jeevitha  D,No Tag
1558,Kavitha Devi,Chennai,Tamil Nadu,India,0,Not Answering,3 + 1 Dm,04-09-2026,Not Contacted,No,Preethi R,Follow Up
1559,Nisar Nisar,Chennai,Tamil Nadu,India,0,Other Language,3 + 1 Dm,04-09-2026,Not Contacted,No,Preethi R,Follow Up
1560,Sheerin,Chennai,Tamil Nadu,India,0,Not Answering,3 + 1 Dm,04-09-2026,Not Contacted,No,Preethi R,Follow Up
1561,Prem Kumar,Chennai,Tamil Nadu,India,0,Not Answering,3 + 1 Dm,04-09-2026,Not Contacted,No,Preethi R,Follow Up
1562,S Kalaiselvi,Dindigul,Tamil Nadu,India,0,Followup,3 + 1 Dm,04-09-2026,Not Contacted,No,Preethi R,Follow Up
1563,Gowtham Sabarinathan,Salem,Tamil Nadu,India,0,Followup,3 + 1 Dm,04-09-2026,Not Contacted,No,Preethi R,Follow Up
1564,Karthik Nath Sj,Salem,Tamil Nadu,India,0,Close Follow Up,"Dm 24,999",04-09-2026,Not Contacted,Yes,Jeevitha  D,No Tag
1565,Natchathra Partheepan,Chennai,Tamil Nadu,India,0,Other Language,3 + 1 Dm,04-09-2026,Not Contacted,No,Preethi R,Not Interested
1566,Sivakumar T K,Salem,Tamil Nadu,India,0,Not Interested,3 + 1 Dm,04-09-2026,Not Contacted,No,Preethi R,Course
1567,Vamikash Vamikash,Tirupur,Tamil Nadu,India,0,Followup,3 + 1 Dm,04-09-2026,Not Contacted,No,Preethi R,Follw Up
1568,Lavanya Ganesh,Vellore,Tamil Nadu,India,0,Expected Price Low,"Dm 24,999",04-09-2026,Not Contacted,Yes,Jeevitha  D,No Tag
1569,Ragu Pathy,Coimbatore,Tamil Nadu,India,0,Not Answering,3 + 1 Dm,04-09-2026,Not Contacted,No,Preethi R,Follow Up
1570,Raj Kumar Periyasamy,Salem,Tamil Nadu,India,0,Not Answering,3 + 1 Dm,04-09-2026,Not Contacted,No,Preethi R,Follow Up
1571,Raaju,Trivandrum,Tamil Nadu,India,0,Not Answering,3 + 1 Dm,04-09-2026,Not Contacted,No,Preethi R,Follow Up
1572,Anand M Anand,Coimbatore,Tamil Nadu,India,0,Not Answering,3 + 1 Dm,04-09-2026,Not Contacted,No,Preethi R,Follow Up
1573,Vinoth Kumar C,Chennai,Tamil Nadu,India,0,Followup,3 + 1 Dm,04-09-2026,Not Contacted,No,Preethi R,Follow Up
1574,Ganeshamoorthy M,Chennai,Tamil Nadu,India,0,Followup,3 + 1 Dm,04-09-2026,Not Contacted,No,Preethi R,Follow Up
1575,M Bharath,Chennai,Tamil Nadu,India,0,Followup,3 + 1 Dm,04-09-2026,Not Contacted,No,Preethi R,Follow Up
1576,Hari,Chennai,Tamil Nadu,India,0,Not Answering,3 + 1 Dm,04-09-2026,Not Contacted,No,Preethi R,Follow Up
1577,Thiru Murugan,Chennai,Tamil Nadu,India,0,Not Answering,3 + 1 Dm,04-09-2026,Not Contacted,No,Preethi R,Follow Up
1578,Prasanna Vengatesh,Coimbatore,Tamil Nadu,India,0,Followup,3 + 1 Dm,04-09-2026,Not Contacted,No,Gayathri  R,Follow Up
1579,Venkatesh,Bangalore,Tamil Nadu,India,0,Not Answering,3 + 1 Dm,04-09-2026,Not Contacted,No,Preethi R,Call Disconnected
1580,Kasthurigopi,Salem,Tamil Nadu,India,0,Not Answering,3 + 1 Dm,04-09-2026,Not Contacted,No,Preethi R,Not Answering
1581,Shirish,Karaikudi,Tamil Nadu,India,0,Followup,3 + 1 Dm,04-09-2026,Not Contacted,No,Preethi R,Follow Up
1582,Sundaravadivel,Coimbatore,Tamil Nadu,India,0,Close Follow Up,"Dm 24,999",04-09-2026,Not Contacted,Yes,Jeevitha  D,No Tag
1583,Atlance Aqua,Chennai,Tamil Nadu,India,0,Not Answering,3 + 1 Dm,04-09-2026,Not Contacted,No,Preethi R,Busy
1584,Velan,Tindivanam,Tamil Nadu,India,0,Close Follow Up,Mobile App Lead,04-09-2026,Not Contacted,Yes,Jeevitha  D,No Tag
1585,Surendran,Paramakudi,Tamil Nadu,India,0,Not Answering,3 + 1 Dm,04-09-2026,Not Contacted,No,Preethi R,Not Answering
1586,Kathir Namasiivayam,Rasipuram,Tamil Nadu,India,0,Followup,3 + 1 Dm,04-09-2026,Not Contacted,No,Gayathri  R,Follow Up
1587,Ahamed Meeran M S,Chennai,Tamil Nadu,India,0,Followup,3 + 1 Dm,04-09-2026,Not Contacted,No,Preethi R,Follow Up
1588,G Senthil,Salem,Tamil Nadu,India,0,Followup,3 + 1 Dm,04-09-2026,Not Contacted,No,Preethi R,Follow Up
1589,Jaka Ja,Coimbatore,Tamil Nadu,India,0,Wrong Lead,3 + 1 Dm,04-09-2026,Not Contacted,No,Preethi R,Wrong Number
1590,Gokulakrishnan S,Dharmapuri,Tamil Nadu,India,0,Followup,3 + 1 Dm,04-09-2026,Not Contacted,No,Preethi R,Follow Up
1591,Jagan Nathan,Karaikudi,Tamil Nadu,India,0,Followup,3 + 1 Dm,04-09-2026,Not Contacted,No,Preethi R,Follow Up
1592,Sugumar Krishnaswamy,Chennai,Tamil Nadu,India,0,Followup,3 + 1 Dm,04-09-2026,Not Contacted,No,Gayathri  R,Follow Up
1593,Sasi M,Namakkal,Tamil Nadu,India,0,Call Later,3 + 1 Dm,04-09-2026,Not Contacted,No,Preethi R,Follow Up
1594,I Style Boutique,Chennai,Tamil Nadu,India,0,Followup,3 + 1 Dm,04-09-2026,Not Contacted,No,Prasanna S,Follow Up
1595,Babu Jailani,Chennai,Tamil Nadu,India,0,Out Of Service,3 + 1 Dm,04-09-2026,Not Contacted,No,Prasanna S,Out
1596,Mani Kandan,Ramanathapuram,Tamil Nadu,India,0,Not Answering,3 + 1 Dm,04-09-2026,Not Contacted,No,Preethi R,Follow Up
1597,Sathish,Coimbatore,Tamil Nadu,India,0,Switched Off,"Dm 24,999",04-09-2026,Not Contacted,Yes,Jeevitha  D,No Tag
1598,Dhandayuthapani Govindaraj,Coimbatore,Tamil Nadu,India,0,Not Answering,3 + 1 Dm,04-09-2026,Not Contacted,No,Preethi R,Not Answering
1599,Gowtham Subramanian,Coimbatore,Tamil Nadu,India,0,Call Later,3 + 1 Dm,04-09-2026,Not Contacted,No,Preethi R,Call Back Later
1600,Tanjore Land,Thanjavur,Tamil Nadu,India,0,Followup,3 + 1 Dm,04-09-2026,Not Contacted,No,Preethi R,Follow Up
1601,Govind K,Dharmapuri,Tamil Nadu,India,0,Not Answering,3 + 1 Dm,04-09-2026,Not Contacted,No,Preethi R,Follow Up
1602,Palani Prabhu,Chennai,Tamil Nadu,India,0,Not Answering,3 + 1 Dm,04-09-2026,Not Contacted,No,Preethi R,Not Answering
1603,Ramesh,Tiruchchirappalli,Tamil Nadu,India,0,Not Answering,3 + 1 Dm,04-09-2026,Not Contacted,No,Preethi R,Not Answering
1604,Tharma Hr,Thanjavur,Tamil Nadu,India,0,Not Answering,3 + 1 Dm,04-09-2026,Not Contacted,No,Preethi R,Call Disconnected
1605,Pandi Durai,Erode,Tamil Nadu,India,0,Followup,3 + 1 Dm,04-09-2026,Not Contacted,No,Preethi R,Busy
1606,Ram,Tiruchirappalli,Tamil Nadu,India,0,Not Answering,3 + 1 Dm,04-09-2026,Not Contacted,No,Gayathri  R,Busy
1607,Omrose Gopi Gopi,Chennai,Us,India,0,Not Answering,App Development 26-7-24,04-09-2026,Not Contacted,No,Gayathri  R,No Tag
1608,Dhilip Kumar,Chennai,Tamil Nadu,India,0,Wrong Lead,App Development 26-7-24,04-09-2026,Not Contacted,No,Gayathri  R,No Tag
1609,Kamaraj,Chennai,Tamil Nadu,India,0,On Process,App Development 26-7-24,04-09-2026,Not Contacted,No,Gayathri  R,No Tag
1610,M D Ragul,Chennai,Tamil Nadu,India,0,Not Answering,App Development 26-7-24,04-09-2026,Not Contacted,No,Gayathri  R,No Tag
1611,Gdb Senthil,Kanchipuram,Tamil Nadu,India,0,Followup,3 + 1 Dm,04-09-2026,Not Contacted,No,Preethi R,Follow Up
1612,Karthik Kutty,Chennai,Tamil Nadu,India,0,Not Answering,3 + 1 Dm,04-09-2026,Not Contacted,No,Preethi R,Busy
1613,Thangaraj Dayalan,Chennai,Tamil Nadu,India,0,Not Answering,3 + 1 Dm,04-09-2026,Not Contacted,No,Prasanna S,Busy
1614,Kumizhi Saravanan,Chennai,Tamil Nadu,India,0,Followup,3 + 1 Dm,04-09-2026,Not Contacted,No,Prasanna S,Follow Up
1615,B Prakash,Chennai,Tamil Nadu,India,0,Not Answering,3 + 1 Dm,04-09-2026,Not Contacted,No,Preethi R,Follow Up
1616,B Prakash,Chennai,Tamil Nadu,India,0,Not Answering,3 + 1 Dm,04-09-2026,Not Contacted,No,Preethi R,Follow Up
1617,Suresh Thirumalai,Chennai,Tamil Nadu,India,0,Followup,3 + 1 Dm,04-09-2026,Not Contacted,No,Preethi R,Call Back
1618,Shabeeb Mohammed,Bangalore,Tamil Nadu,India,0,Followup,3 + 1 Dm,04-09-2026,Not Contacted,No,Preethi R,Call Back Later
1619,A Jeinul Jalukkin,Chennai,Tamil Nadu,India,0,Followup,3 + 1 Dm,04-09-2026,Not Contacted,No,Preethi R,Follow Up
1620,Raja G Raja,Chennai,Tamil Nadu,India,0,New,3 + 1 Dm,04-09-2026,Not Contacted,No,Preethi R,Npc
1621,Karthikeyan Kittusamy,Chennai,Tamil Nadu,India,0,Not Interested,3 + 1 Dm,04-09-2026,Not Contacted,No,Preethi R,Ni
1622,Nandhu Upendar,Chennai,Tamil Nadu,India,0,New,3 + 1 Dm,04-09-2026,Not Contacted,No,Preethi R,Npc
1623,Durai Nirmal,Chennai,Tamil Nadu,India,0,Followup,3 + 1 Dm,04-09-2026,Not Contacted,No,Preethi R,Call Later
1624,Vijay Kumar,Chennai,Tamil Nadu,India,0,Followup,3 + 1 Dm,04-09-2026,Not Contacted,No,Preethi R,Medical Pharmacy
1625,Prabu Veerapandiyan,Chennai,Tamil Nadu,India,0,Followup,3 + 1 Dm,04-09-2026,Not Contacted,No,Preethi R,Follow Up
1626,Kumar Kumresh,Chennai,Tamil Nadu,India,0,New,3 + 1 Dm,04-09-2026,Not Contacted,No,Preethi R,Engaged
1627,Lakshmanan,Chennai,Tamil Nadu,India,0,Pending,"Dm 24,999",04-09-2026,Not Contacted,Yes,Jeevitha  D,No Tag
1628,Jagan Rockzz,Chennai,Tamil Nadu,India,0,Followup,3 + 1 Dm,04-09-2026,Not Contacted,No,Preethi R,Follow Up
1629,Sarath Chandran,Chennai,Tamil Nadu,India,0,New,3 + 1 Dm,04-09-2026,Not Contacted,No,Preethi R,Busy
1630,Sreeram,Chennai,Tamil Nadu,India,0,Close Follow Up,3 + 1 Dm,04-09-2026,Not Contacted,No,Preethi R,Follow Up
1631,Raj Kumar,Chennai,Tamil Nadu,India,0,New,3 + 1 Dm,04-09-2026,Not Contacted,No,Preethi R,Npc\
1632,Isaiah Z Naits,Chennai,Tamil Nadu,India,0,Not Answering,Whatsapp Dm Enquiries,04-09-2026,Not Contacted,Yes,Jeevitha  D,No Tag
1633,Venkadachalam,Chennai,Tamil Nadu,India,0,Not Interested,"Dm 24,999",04-09-2026,Not Contacted,Yes,Jeevitha  D,No Tag
1634,Vinoth Y,Chennai,Tamil Nadu,India,0,New,3 + 1 Dm,04-09-2026,Not Contacted,No,Preethi R,Npc
1635,Hariharan Jayaraman,Chennai,Tamil Nadu,India,0,Followup,3 + 1 Dm,04-09-2026,Not Contacted,No,Preethi R,Follow Up
1636,Chandru,Chennai,Tamil Nadu,India,0,Followup,3 + 1 Dm,04-09-2026,Not Contacted,No,Preethi R,Follow Up
1637,Murali,Chennai,Tamil Nadu,India,0,Followup,3 + 1 Dm,04-09-2026,Not Contacted,No,Preethi R,Follow Up
1638,Sakthi Subramaniam,Chennai,Tamil Nadu,India,0,Followup,3 + 1 Dm,04-09-2026,Not Contacted,No,Preethi R,Follow Up
1639,Christopher,Chennai,Tamil Nadu,India,0,Followup,3 + 1 Dm,04-09-2026,Not Contacted,No,Preethi R,No Tag
1640,Thirupathi Rao,Chennai,Tamil Nadu,India,0,New,3 + 1 Dm,04-09-2026,Not Contacted,No,Preethi R,Npc
1641,Vinesh Ravi,Chennai,Tamil Nadu,India,0,Followup,3 + 1 Dm,04-09-2026,Not Contacted,No,Preethi R,No Tag
1642,Naattumaadu,Pollachi,Tamil Nadu,India,0,Followup,3 + 1 Dm,04-09-2026,Not Contacted,No,Prasanna S,Follow Up
1643,Manoj Boxer,Coimbatore,Tamil Nadu,India,0,Followup,3 + 1 Dm,04-09-2026,Not Contacted,No,Prasanna S,Follow Up
1644,Santhosh Kumar,Bangalore,Tamil Nadu,India,0,Not Answering,3 + 1 Dm,04-09-2026,Not Contacted,No,Prasanna S,Not Answering
1645,Praveenraj G,Salem,Tamil Nadu,India,0,Followup,3 + 1 Dm,04-09-2026,Not Contacted,No,Prasanna S,Call Back Later
1646,Imran Khan,Chennai,Tamil Nadu,India,0,Not Reachable,3 + 1 Dm,04-09-2026,Not Contacted,No,Prasanna S,Wrong Number
1647,Unknown Name,Chennai,Tamil Nadu,India,0,Not Answering,3 + 1 Dm,04-09-2026,Not Contacted,No,Gayathri  R,Follow Up
1648,Steven Sun,Coimbatore,Tamil Nadu,India,0,Followup,3 + 1 Dm,04-09-2026,Not Contacted,No,Gayathri  R,Call Back Later
1649,Nisha Khan,Coimbatore,Tamil Nadu,India,0,Followup,3 + 1 Dm,04-09-2026,Not Contacted,No,Gayathri  R,Follow Up
1650,Sandheep Sankaranarayan,Planyourdestinations,Tamil Nadu,India,0,Followup,3 + 1 Dm,04-09-2026,Not Contacted,No,Gayathri  R,Call Declined
1651,Mohan,Salem,Tamil Nadu,India,0,Followup,3 + 1 Dm,04-09-2026,Not Contacted,No,Gayathri  R,Follow Up
1652,Guna Farm,Coimbatore,Tamil Nadu,India,0,Followup,3 + 1 Dm,04-09-2026,Not Contacted,No,Gayathri  R,Follow Up
1653,Saravanan,Chennai,Tamil Nadu,India,0,Followup,3 + 1 Dm,04-09-2026,Not Contacted,No,Gayathri  R,Follow Up
1654,Mohamed Aslam,Chennai,Tamil Nadu,India,0,Followup,3 + 1 Dm,04-09-2026,Not Contacted,No,Gayathri  R,Follow Up
1655,Sivaraman G,Chennai,Tamil Nadu,India,0,Followup,3 + 1 Dm,04-09-2026,Not Contacted,No,Gayathri  R,Follow Up
1656,Karigai Food Products Skin Hair Care Store,Namakkal,Tamil Nadu,India,0,Followup,3 + 1 Dm,04-09-2026,Not Contacted,No,Gayathri  R,Call Back Later
1657,Hareesh Mohamed Ibrahim,Chennai,Tamil Nadu,India,0,Not Answering,3 + 1 Dm,04-09-2026,Not Contacted,No,Prasanna S,Busy
1658,Raja Raja,Chennai,Tamil Nadu,India,0,Followup,3 + 1 Dm,04-09-2026,Not Contacted,No,Gayathri  R,Follow Up
1659,Pradeep,Ernakulam,Tamil Nadu,India,0,Not Answering,3 + 1 Dm,04-09-2026,Not Contacted,No,Gayathri  R,Not Answering
1660,Rajesh Kumar,Chennai,Tamil Nadu,India,0,Followup,3 + 1 Dm,04-09-2026,Not Contacted,No,Gayathri  R,Follow Up
1661,Akshay Achar,Mysore,Tamil Nadu,India,0,Followup,3 + 1 Dm,04-09-2026,Not Contacted,No,Gayathri  R,Follow Up
1662,Senthil Kumar,Chennai,Tamil Nadu,India,0,Followup,3 + 1 Dm,04-09-2026,Not Contacted,No,Harish Kumar K,Follow Up
1663,Suresh Vijay,Chennai Chromepet,Tamil Nadu,India,0,Followup,3 + 1 Dm,04-09-2026,Not Contacted,No,Gayathri  R,Follow Up
1664,Hemalatha,Chennai,Tamil Nadu,India,0,Followup,3 + 1 Dm,04-09-2026,Not Contacted,No,Gayathri  R,Follow Up
1665,Subramani Karunanithy,Chennai,Tamil Nadu,India,0,Followup,3 + 1 Dm,04-09-2026,Not Contacted,No,Preethi R,Follow Up
1666,Sagar Sagar,Bangalore,Tamil Nadu,India,0,Not Interested,3 + 1 Dm,04-09-2026,Not Contacted,No,Gayathri  R,Not Needed
1667,Bagathsingh Ranatheve,Chennai,Tamil Nadu,India,0,Followup,3 + 1 Dm,04-09-2026,Not Contacted,No,Prasanna S,Follow Up
1668,Navkar Car Jewels,Chennai,Tamil Nadu,India,0,Not Interested,"Dm 24,999",04-09-2026,1747-10-16,Yes,Pon Bala Subramanian,No Tag
1669,Ruthra Medicines,Tirunelveli,Tamil Nadu,India,0,Close Follow Up,Mobile App Lead,04-09-2026,Not Contacted,Yes,Jeevitha  D,No Tag
1670,Hari,Chennai,Tamil Nadu,India,0,Followup,3 + 1 Dm,04-09-2026,Not Contacted,No,Preethi R,Busy
1671,Karthi Keyan,Coimbatore,Tamil Nadu,India,0,Followup,3 + 1 Dm,04-09-2026,Not Contacted,No,Preethi R,Follow Up
1672,Parthiban,Chennai,Tamil Nadu,India,0,Not Answering,3 + 1 Dm,04-09-2026,Not Contacted,No,Preethi R,Busy
1673,Bharathi Raja,Kallakurichi,Tamil Nadu,India,0,Not Answering,3 + 1 Dm,04-09-2026,Not Contacted,No,Preethi R,Not Answering
1674,Ram Ji,Kanyakumari,Tamil Nadu,India,0,Followup,3 + 1 Dm,04-09-2026,Not Contacted,Yes,Jeevitha  D,No Tag
1675,Partha Sarathy,Jayankondam,Tamil Nadu,India,0,Not Answering,3 + 1 Dm,04-09-2026,Not Contacted,No,Gayathri  R,Call Back Later
1676,Malar Mathi,Chennai,Tamil Nadu,India,0,Followup,3 + 1 Dm,04-09-2026,Not Contacted,Yes,Pon Bala Subramanian,Follow Up
1677,Parassouramane C,Chennai,Tamil Nadu,India,0,Followup,3 + 1 Dm,04-09-2026,Not Contacted,No,Prasanna S,Follow Up
1678,Sathish,Chennai,Tamil Nadu,India,0,Followup,3 + 1 Dm,04-09-2026,Not Contacted,No,Prasanna S,Follow Up
1679,Somasundaram J,Chennai,Tamil Nadu,India,0,Followup,3 + 1 Dm,04-09-2026,Not Contacted,No,Prasanna S,Follow Up
1680,Syed Mohamed Shafi A,Chennai,Tamil Nadu,India,0,Not Answering,3 + 1 Dm,04-09-2026,Not Contacted,No,Preethi R,Not Answering
1681,Ram,Chennai,Tamil Nadu,India,0,Call Later,Whatsapp Dm Enquiries,04-09-2026,Not Contacted,Yes,Naresh Naani,Cb Himself
1682,K Vijaya Prabhu,Coimbatore,Tamil Nadu,India,0,Followup,3 + 1 Dm,04-09-2026,Not Contacted,No,Preethi R,Follow Up
1683,Paddy Bafna,Coimbatore,Tamil Nadu,India,0,Not Answering,3 + 1 Dm,04-09-2026,Not Contacted,No,Preethi R,Not Picking Up
1684,Ashok Kumar,Coimbatore,Tamil Nadu,India,0,Followup,3 + 1 Dm,04-09-2026,Not Contacted,No,Preethi R,Follow Up
1685,Santhosh,Bangalore,Tamil Nadu,India,0,Not Answering,3 + 1 Dm,04-09-2026,Not Contacted,No,Preethi R,Follow Up
1686,Manoj Kumar,Tiruchirappalli,Tamil Nadu,India,0,Followup,3 + 1 Dm,04-09-2026,Not Contacted,No,Preethi R,Follow Up
1687,Rr Gajendran,Karaikudi,Tamil Nadu,India,0,Followup,3 + 1 Dm,04-09-2026,Not Contacted,No,Preethi R,Call Back Later
1688,Pushpa,Avadi,Tamil Nadu,India,0,Not Answering,3 + 1 Dm,04-09-2026,Not Contacted,No,Preethi R,Follow Up
1689,J Felix Infant Raj,Chinnalapatty,Tamil Nadu,India,0,Followup,3 + 1 Dm,04-09-2026,Not Contacted,No,Preethi R,Call Back Later
1690,Nithin,Kochi,Tamil Nadu,India,0,Not Answering,3 + 1 Dm,04-09-2026,Not Contacted,No,Prasanna S,Busy
1691,K V K K Ramanujadas,Virudhunagar,Tamil Nadu,India,0,Followup,3 + 1 Dm,04-09-2026,Not Contacted,No,Prasanna S,Follow Up
1692,Suresh Kumar,Chennai,Tamil Nadu,India,0,Followup,3 + 1 Dm,04-09-2026,Not Contacted,No,Prasanna S,Busy
1693,Kirubakaran Rajendran,Chennai,Tamil Nadu,India,0,Not Answering,3 + 1 Dm,04-09-2026,Not Contacted,No,Gayathri  R,Follow Up
1694,Malathi Vignesh,Chennai,Tamil Nadu,India,0,Not Answering,3 + 1 Dm,04-09-2026,Not Contacted,No,Gayathri  R,Call Declined
1695,Jebsy,Kochi,Tamil Nadu,India,0,Followup,3 + 1 Dm,04-09-2026,Not Contacted,No,Gayathri  R,Follow Up
1696,Gershom,Chennai,Tamil Nadu,India,0,Followup,3 + 1 Dm,04-09-2026,Not Contacted,No,Gayathri  R,Follow Up
1697,Chandru,Chennai,Tamil Nadu,India,0,Followup,3 + 1 Dm,04-09-2026,Not Contacted,No,Harish Kumar K,Follow Up
1698,Karthick Nagarajan,Madurai,Tamil Nadu,India,0,Followup,3 + 1 Dm,04-09-2026,Not Contacted,No,Preethi R,Follow Up
1699,Aishwarya Pillai,Bangalore,Tamil Nadu,India,0,Not Answering,3 + 1 Dm,04-09-2026,Not Contacted,No,Prasanna S,Not Answering
1700,Vignesh Waran,Chennai,Tamil Nadu,India,0,Followup,3 + 1 Dm,04-09-2026,Not Contacted,No,Harish Kumar K,Follow Up
1701,Yadhaveeswar Alagarsamy,Dindigul,Tamil Nadu,India,0,Not Answering,3 + 1 Dm,04-09-2026,Not Contacted,No,Prasanna S,Not Answering
1702,Subalatha,Salem,Tamil Nadu,India,0,Followup,3 + 1 Dm,04-09-2026,Not Contacted,No,Prasanna S,Follow Up
1703,Arjun,Tiruppur,Tamil Nadu,India,0,Followup,3 + 1 Dm,04-09-2026,Not Contacted,No,Prasanna S,Follow Up
1704,Sri Nath,Chennai,Tamil Nadu,India,0,Followup,3 + 1 Dm,04-09-2026,Not Contacted,No,Prasanna S,Switch Off
1705,Super Aluminium Fabrication Glass Work,Gulbarga,Tamil Nadu,India,0,Other Language,3 + 1 Dm,04-09-2026,Not Contacted,No,Prasanna S,Only Hindi Or Kannada
1706,Santhosh Kumar,Bangalore,Tamil Nadu,India,0,Not Answering,3 + 1 Dm,04-09-2026,Not Contacted,No,Preethi R,Not Answering
1707,Vetrivel S,Salem,Tamil Nadu,India,0,Not Interested,3 + 1 Dm,04-09-2026,Not Contacted,No,Preethi R,Not Required
1708,Rubha Mohan,Tiruchirappalli,Tamil Nadu,India,0,Not Answering,3 + 1 Dm,04-09-2026,Not Contacted,No,Preethi R,Not Answering
1709,Vijaya Baskar,Kanchipuram,Tamil Nadu,India,0,Followup,3 + 1 Dm,04-09-2026,Not Contacted,No,Gayathri  R,Follow Up
1710,Sureshkumar,Chennai,Tamil Nadu,India,0,Customer,3 + 1 Dm,04-09-2026,Not Contacted,No,Preethi R,Converted
1711,Devapriya,Chennai,Tamil Nadu,India,0,Switched Off,3 + 1 Dm,04-09-2026,Not Contacted,No,Gayathri  R,Follow Up
1712,Sunantha,Chennai,Tamil Nadu,India,48000,Customer,3 + 1 Dm,04-09-2026,Not Contacted,No,Preethi R,Ecommerce Website
1713,Nsv Jwellers,Chennai,Tamil Nadu,India,0,Customer,3 + 1 Dm,04-09-2026,Not Contacted,No,Preethi R,3 Months Package
1714,Sivakumar,Hosur,Tamil Nadu,India,0,Not Answering,3 + 1 Dm,04-09-2026,Not Contacted,No,Prasanna S,Not Answering
1715,Kiruba Shankar,Chennai,Tamil Nadu,India,0,Not Answering,3 + 1 Dm,04-09-2026,Not Contacted,No,Prasanna S,Not Answering
1716,Ponnarasu K,Chennai,Tamil Nadu,India,0,Not Reachable,3 + 1 Dm,04-09-2026,Not Contacted,No,Prasanna S,Call Is Not Getting Connected.
1717,Navaneeth Raj,Chennai,Tamil Nadu,India,0,Followup,3 + 1 Dm,04-09-2026,Not Contacted,No,Prasanna S,Follow Up
1718,Sarangan Mc,Chennai,Tamil Nadu,India,0,Not Answering,3 + 1 Dm,04-09-2026,Not Contacted,No,Preethi R,Not Answering
1719,Ramanathan,Chennai,Tamil Nadu,India,0,Followup,3 + 1 Dm,04-09-2026,Not Contacted,No,Preethi R,Follow Up
1720,Boopathy Thangavelu,Coimbatore,Tamil Nadu,India,0,Followup,3 + 1 Dm,04-09-2026,Not Contacted,No,Preethi R,Follow Up
1721,Raaja P,Chennai,Tamil Nadu,India,0,Call Later,3 + 1 Dm,04-09-2026,Not Contacted,No,Preethi R,Call Back Later
1722,Nc Vishvayogesh,Dharapuram,Tamil Nadu,India,0,Proposal Sent,App Dev,04-09-2026,Not Contacted,Yes,Dawood Wgs,No Tag
1723,Uma Maheswari R,Chennai,Tamil Nadu,India,0,Not Answering,3 + 1 Dm,04-09-2026,Not Contacted,No,Preethi R,Not Answering
1724,Paint It Right,Bangalore,Tamil Nadu,India,0,Not Answering,3 + 1 Dm,04-09-2026,Not Contacted,No,Preethi R,Not Answering
1725,Arvind M,Bangalore,Tamil Nadu,India,0,Followup,3 + 1 Dm,04-09-2026,Not Contacted,No,Gayathri  R,Follow Up
1726,Dr Saravanan K,Chennai,Tamil Nadu,India,0,Followup,3 + 1 Dm,04-09-2026,Not Contacted,No,Gayathri  R,Follow Up
1727,Dosa Storie,Chennai,Tamil Nadu,India,0,Followup,3 + 1 Dm,04-09-2026,Not Contacted,No,Gayathri  R,Follow Up
1728,Senthilkumar Periyasamy,Trichy,Tamil Nadu,India,0,Followup,3 + 1 Dm,04-09-2026,Not Contacted,No,Gayathri  R,Follow Up
1729,Ray S Bridal Studio,Bangalore,Tamil Nadu,India,0,Followup,3 + 1 Dm,04-09-2026,Not Contacted,No,Preethi R,Follow Up
1730,Karthick Eswaran,Tiruppur,Tamil Nadu,India,0,Followup,3 + 1 Dm,04-09-2026,Not Contacted,No,Gayathri  R,Follow Up
1731,Bala Krishnan,Tuticorin,Tamil Nadu,India,0,Not Answering,3 + 1 Dm,04-09-2026,Not Contacted,No,Harish Kumar K,Not Answering
1732,Prasana Vengadesh,Tiruchchirappalli,Tamil Nadu,India,0,Not Answering,3 + 1 Dm,04-09-2026,Not Contacted,No,Preethi R,Not Answering
1733,Sujatha,Chennai,Tamil Nadu,India,0,Followup,3 + 1 Dm,04-09-2026,Not Contacted,No,Preethi R,Follow Up
1734,Zarina Begum,Ramanathapuram,Tamil Nadu,India,0,Not Answering,3 + 1 Dm,04-09-2026,Not Contacted,No,Preethi R,Not Answering
1735,Ravi,Tirunelveli,Tamil Nadu,India,0,Not Answering,3 + 1 Dm,04-09-2026,Not Contacted,No,Prasanna S,Not Answering
1736,Parthiban P,Chennai,Tamil Nadu,India,0,Not Answering,3 + 1 Dm,04-09-2026,Not Contacted,No,Prasanna S,Follow Up
1737,Premkumar Soundarrajan,Chennai,Tamil Nadu,India,0,Not Answering,3 + 1 Dm,04-09-2026,Not Contacted,No,Prasanna S,Switched Off
1738,Kemp Sandy,Bangalore,Tamil Nadu,India,0,Not Answering,3 + 1 Dm,04-09-2026,Not Contacted,No,Prasanna S,Not Answering
1739,Golden Shield,Chennai,Tamil Nadu,India,0,Not Answering,3 + 1 Dm,04-09-2026,Not Contacted,No,Prasanna S,Not Answering
1740,Saravanan,Chennai,Tamil Nadu,India,0,New,3 + 1 Dm,04-09-2026,Not Contacted,No,Preethi R,Npc
1741,Jagadish Achar,Chennai,Tamil Nadu,India,0,Not Interested,3 + 1 Dm,04-09-2026,Not Contacted,No,Preethi R,No Tag
1742,Haris Kp,Calicut,Tamil Nadu,India,0,Not Answering,3 + 1 Dm,04-09-2026,Not Contacted,No,Preethi R,Not Answering
1743,Suresh,Vellore,Tamil Nadu,India,0,Followup,3 + 1 Dm,04-09-2026,Not Contacted,No,Prasanna S,Follow Up
1744,Tejus Silk House,Chennai,Tamil Nadu,India,0,Followup,3 + 1 Dm,04-09-2026,Not Contacted,No,Gayathri  R,Follow Up
1745,Elavalagan Subramanian,Chennai,Tamil Nadu,India,0,Followup,3 + 1 Dm,1730-09-14,Not Contacted,No,Prasanna S,Follow Up
1746,Smart Praveen,Salem,Tamil Nadu,India,0,Switched Off,3 + 1 Dm,1730-09-15,Not Contacted,No,Prasanna S,Switched Off
1747,Thomas Arokia,Thanjavur,Tamil Nadu,India,0,New,App Dev,1730-09-17,Not Contacted,Yes,Prem Kumar,No Tag
1748,Sk Interiors Design,Chennai,Tamil Nadu,India,0,Already Have One,Charu Leads,1730-09-17,1730-09-17,No,Prasanna S,No Tag
1749,Rossy Chetry,Chennai,Tamil Nadu,India,0,Other Language,3 + 1 Dm,1730-09-18,Not Contacted,No,Prasanna S,Not Interested
1750,Rathish K,Madurai,Tamil Nadu,India,0,Followup,3 + 1 Dm,1730-09-20,Not Contacted,No,Preethi R,Follow Up
1751,The Architouch,Chennai,Tamil Nadu,India,0,Details Has Sent Through Whatsapp,Charu Leads,1730-09-21,1730-09-21,No,Prasanna S,No Tag
1752,Shankara Narayanan,Madurai,Tamil Nadu,India,0,Not Answering,3 + 1 Dm,1730-09-22,Not Contacted,No,Preethi R,Not Answering
1753,Paul Raj,Coimbatore,Tamil Nadu,India,0,Followup,3 + 1 Dm,1730-09-23,Not Contacted,No,Prasanna S,Follow Up
1754,Saravan Raja,Chennai,Tamil Nadu,India,0,Out Of Service,3 + 1 Dm,1730-09-24,Not Contacted,No,Prasanna S,Not Reachable
1755,Balaji A,Chennai,Tamil Nadu,India,0,Followup,3 + 1 Dm,04-09-2026,Not Contacted,No,Prasanna S,Follow Up
1756,Selvaraj Michael,Chennai,Tamil Nadu,India,0,Followup,3 + 1 Dm,04-09-2026,Not Contacted,No,Prasanna S,Follow Up
1757,Surendhar,Krishnagiri,Tamil Nadu,India,0,Followup,3 + 1 Dm,04-09-2026,Not Contacted,No,Preethi R,Follow Up
1758,Ilamparithi Kanagasabapathy,Coimbatore,Tamil Nadu,India,0,Not Answering,3 + 1 Dm,04-09-2026,Not Contacted,No,Prasanna S,Not Answering
1759,Shanmugavel Suresh,Chennai,Tamil Nadu,India,0,Not Answering,3 + 1 Dm,04-09-2026,Not Contacted,No,Prasanna S,Not Answering
1760,Omrose Gopi Gopi,Chennai,Tamil Nadu,India,0,Not Answering,App Development 26-7-24,04-09-2026,Not Contacted,No,Gayathri  R,No Tag
1761,Karthik Selvaraj,Chennai,Tamil Nadu,India,0,Call Later,3 + 1 Dm,04-09-2026,Not Contacted,No,Preethi R,Call Back Later
1762,Saran Saran,Bangalore,Tamil Nadu,India,0,Call Later,3 + 1 Dm,04-09-2026,Not Contacted,No,Preethi R,Call Later
1763,K Balasubramaniam,Coimbatore,Tamil Nadu,India,0,Not Answering,3 + 1 Dm,04-09-2026,Not Contacted,No,Preethi R,Not Answering
1764,Aishwarya S,Hosur,Tamil Nadu,India,0,Followup,3 + 1 Dm,04-09-2026,Not Contacted,No,Preethi R,Follow Up
1765,Craft House Gift World,Chennai,Tamil Nadu,India,0,Followup,3 + 1 Dm,04-09-2026,Not Contacted,No,Gayathri  R,Follow Up
1766,Suresh Deivasigamani,Chennai,Tamil Nadu,India,0,Not Interested,Dm 25K Nov,04-09-2026,Not Contacted,No,Harish Kumar K,No Tag
1767,Ramesh Subbarao,Chennai,Tamil Nadu,India,0,Not Reachable,Dm 25K Nov,04-09-2026,Not Contacted,No,Preethi R,No Tag
1768,Ramiz Javid,Chennai,Tamil Nadu,India,0,On Process,Dm 25K Nov,04-09-2026,Not Contacted,No,Preethi R,No Tag
1769,Deni Varghese,Thiruchirappali,Tamil Nadu,India,0,On Process,Dm 25K Nov,04-09-2026,Not Contacted,No,Harish Kumar K,No Tag
1770,Khushi Bora,Chennai,Tamil Nadu,India,0,New,Dm 25K Nov,04-09-2026,Not Contacted,No,Preethi R,No Tag
1771,Abharnam Sales Rentals,Chennai,Tamil Nadu,India,0,New,Dm 25K Nov,04-09-2026,Not Contacted,No,Harish Kumar K,No Tag
1772,Acupuncture Chennai Chennai,Chennai,Tamil Nadu,India,0,New,Dm 25K Nov,04-09-2026,Not Contacted,No,Preethi R,No Tag
1773,Vijay Govindarajan,Tiruppur,Tamil Nadu,India,0,Not Reachable,Dm 25K Nov,04-09-2026,Not Contacted,No,Pon Bala Subramanian,No Tag
1774,Ramesh,Tenkasi,Tamil Nadu,India,0,Followup,Dm 25K Nov,04-09-2026,Not Contacted,Yes,Pon Bala Subramanian,Have Shared Details In Whats App
1775,Ootyrealestate Tn,Chennai,Tamil Nadu,India,0,Pending,Dm 25K Nov,04-09-2026,Not Contacted,Yes,Pon Bala Subramanian,No Tag
1776,Aysha,Chennai,Tamil Nadu,India,0,Not Interested,Dm 25K Nov,04-09-2026,Not Contacted,Yes,Pon Bala Subramanian,No Tag
1777,Vvs Rajesh,Chennai,Tamil Nadu,India,0,Not Answering,Dm 25K Nov,04-09-2026,Not Contacted,Yes,Pon Bala Subramanian,No Tag
1778,Prasanth,Pollachi,Tamil Nadu,India,0,Followup,3 + 1 Dm,04-09-2026,Not Contacted,No,Preethi R,Follow Up
1779,Kiruba,Chennai,Tamil Nadu,India,0,On Process,Dm 25K Nov,04-09-2026,Not Contacted,No,Prasanna S,No Tag
1780,Oyepai,Tiruvallur,Tamil Nadu,India,0,Not Answering,Dm 25K Nov,04-09-2026,Not Contacted,No,Pon Bala Subramanian,No Tag
1781,Satchi Anantham,Chennai,Tamil Nadu,India,0,Not Answering,Dm 25K Nov,04-09-2026,Not Contacted,No,Prasanna S,No Tag
1782,Malaiyappan M,Chennai,Tamil Nadu,India,0,Not Answering,Dm 25K Nov,04-09-2026,Not Contacted,No,Prasanna S,No Tag
1783,Joyce David,Coimbatore,Tamil Nadu,India,0,On Process,Dm 25K Nov,04-09-2026,Not Contacted,No,Prasanna S,No Tag
1784,Hakim Peer,Chennai,Tamil Nadu,India,0,On Process,Dm 25K Nov,04-09-2026,Not Contacted,No,Pon Bala Subramanian,No Tag
1785,Gunasekar Sekar,Chennai,Tamil Nadu,India,0,Not Answering,Dm 25K Nov,04-09-2026,Not Contacted,No,Prasanna S,No Tag
1786,Drsharath Raj,Coimbatore,Tamil Nadu,India,0,Not Answering,3 + 1 Dm,04-09-2026,Not Contacted,No,Preethi R,Busy
1787,Divya P,Coimbatore,Tamil Nadu,India,0,Not Answering,3 + 1 Dm,04-09-2026,Not Contacted,No,Preethi R,Not Answering
1788,Subash Chandrabose,Madurai,Tamil Nadu,India,0,Followup,3 + 1 Dm,04-09-2026,Not Contacted,No,Preethi R,Follow Up
1789,Suresh Kumar,Coonoor,Tamil Nadu,India,0,Not Answering,3 + 1 Dm,04-09-2026,Not Contacted,No,Preethi R,Call Disconnected
1790,Shanmugam Vc,Chennai,Tamil Nadu,India,0,Followup,App Development 26-7-24,04-09-2026,Not Contacted,No,Gayathri  R,No Tag
1791,Suresh Punniavelu,Chennai,Tamil Nadu,India,0,Followup,3 + 1 Dm,04-09-2026,Not Contacted,No,Preethi R,Follow Up
1792,Lld,Chennai,Tamil Nadu,India,0,Followup,App Development 26-7-24,04-09-2026,Not Contacted,No,Gayathri  R,No Tag
1793,Baboo Ev Hub,Madurai,Tamil Nadu,India,0,Followup,3 + 1 Dm,04-09-2026,Not Contacted,No,Preethi R,Follow Up
1794,Bhupathyraja M,Coimbatore,Tamil Nadu,India,0,Followup,3 + 1 Dm,04-09-2026,Not Contacted,No,Preethi R,Follow Up
1795,Bm Electronics,Chennai,Tamil Nadu,India,0,Wrong Lead,App Development 26-7-24,04-09-2026,Not Contacted,No,Gayathri  R,No Tag
1796,Subashree Balaji,Chennai,Tamil Nadu,India,0,Not Interested,App Development 26-7-24,04-09-2026,Not Contacted,No,Gayathri  R,No Tag
1797,Baskar Aqua,Chennai,Tamil Nadu,India,0,Details Has Sent Through Whatsapp,App Development 26-7-24,04-09-2026,Not Contacted,No,Gayathri  R,No Tag
1798,Kavinram Kavin,Chennai,Tamil Nadu,India,0,Not Interested,App Development 26-7-24,04-09-2026,Not Contacted,No,Gayathri  R,Didn'T Enquire
1799,Dr Habeeb Najjar,Chennai,Tamil Nadu,India,0,Followup,App Development 26-7-24,04-09-2026,Not Contacted,No,Prasanna S,No Tag
1800,Suriya,Chennai,Tamil Nadu,India,0,Not Reachable,App Development 26-7-24,04-09-2026,Not Contacted,No,Prasanna S,No Tag
1801,Joseph Vijay Vijay,Chennai,Tamil Nadu,India,0,Wrong Lead,App Development 26-7-24,04-09-2026,Not Contacted,No,Prasanna S,No Tag
1802,Raja,Devakottai,Tamil Nadu,India,0,Not Answering,3 + 1 Dm,1730-02-12,Not Contacted,No,Preethi R,Not Answering
1803,Keerthy Gopalakrishnan,Erode,Tamil Nadu,India,0,Not Answering,3 + 1 Dm,1730-11-20,Not Contacted,No,Preethi R,Busy
1804,Suresh S,Chennai,Tamil Nadu,India,0,Followup,3 + 1 Dm,1730-11-21,Not Contacted,No,Preethi R,Follow Up
1805,Surendar,Chennai,Tamil Nadu,India,0,Not Answering,3 + 1 Dm,1730-11-22,Not Contacted,No,Preethi R,Not Answering
1806,A Jegan,Madurai,Tamil Nadu,India,0,Followup,3 + 1 Dm,1730-11-23,Not Contacted,No,Preethi R,Follow Up
1807,Ganesh Ramasamy,Chennai,Tamil Nadu,India,0,Followup,3 + 1 Dm,1730-11-23,1730-11-23,No,Preethi R,Follow Up
1808,Krypsto Camp,Idukki,Tamil Nadu,India,0,Not Answering,3 + 1 Dm,1730-11-24,Not Contacted,No,Preethi R,Not Answering
1809,Singaram Singaram,Chennai,Tamil Nadu,India,0,Followup,3 + 1 Dm,1730-11-24,1730-11-24,No,Preethi R,Follow Up
1810,V I C K Y,Thanjavur,Tamil Nadu,India,0,Followup,3 + 1 Dm,1730-11-25,Not Contacted,No,Gayathri  R,Follow Up
1811,An And,Chennai,Tamil Nadu,India,0,New,3 + 1 Dm,1730-11-25,1730-11-25,No,Prasanna S,Npc
1812,Suganyamanikandan,Chennai,Tamil Nadu,India,0,New,3 + 1 Dm,1730-11-26,1730-11-26,No,Prasanna S,Npc
1813,Selvam Elumalai,Chennai,Tamil Nadu,India,0,New,3 + 1 Dm,1730-11-27,1730-11-27,No,Prasanna S,Npc
1814,Muhaiseena Mubarak,Chennai,Tamil Nadu,India,0,Followup,3 + 1 Dm,1730-11-28,1730-11-28,No,Prasanna S,Follow Up
1815,Gazaala,Chennai,Tamil Nadu,India,0,Details Has Sent Through Whatsapp,"Dm 24,999",1730-11-28,Not Contacted,Yes,Jeevitha  D,No Tag
1816,Ra Prem,Chennai,Tamil Nadu,India,0,Not Answering,3 + 1 Dm,1730-11-29,Not Contacted,No,Gayathri  R,Call Is Not Getting Connected.
1817,Rajasekaran,Palani,Tamil Nadu,India,0,New,"Dm 24,999",1730-11-30,Not Contacted,Yes,Naresh Naani,No Tag
1818,Rajan,Coimbatore,Tamil Nadu,India,0,Followup,3 + 1 Dm,1730-12-01,Not Contacted,No,Gayathri  R,Follow Up
1819,Alagu,Abu Dhabi,Tamil Nadu,India,0,Out Of Service,3 + 1 Dm,04-09-2026,Not Contacted,No,Gayathri  R,Out Of Service
1820,N Sampath Kumar,Udumalpet,Tamil Nadu,India,0,Followup,3 + 1 Dm,04-09-2026,Not Contacted,No,Preethi R,Follow Up
1821,Yogesh Kumar Vij,Coimbatore,Tamil Nadu,India,0,Not Answering,3 + 1 Dm,04-09-2026,Not Contacted,No,Gayathri  R,Not Answering
1822,Naresh,Coimbatore,Tamil Nadu,India,0,Followup,3 + 1 Dm,04-09-2026,Not Contacted,No,Gayathri  R,Follow Up
1823,Soma Soma,Erode,Tamil Nadu,India,0,Followup,3 + 1 Dm,04-09-2026,Not Contacted,No,Preethi R,Follow Up
1824,Prakash,Chennai,Tamil Nadu,India,0,Followup,3 + 1 Dm,04-09-2026,Not Contacted,No,Gayathri  R,Follow Up
1825,Viju Iyyapaswamy,Salem,Tamil Nadu,India,0,Followup,3 + 1 Dm,04-09-2026,Not Contacted,No,Gayathri  R,Follow Up
1826,Jayakandhan Dandapani,Coimbatore,Tamil Nadu,India,0,Followup,3 + 1 Dm,04-09-2026,Not Contacted,No,Preethi R,Call Later
1827,Gokul Siva,Chennai,Tamil Nadu,India,0,New,3 + 1 Dm,04-09-2026,Not Contacted,No,Preethi R,No Tag
1828,Kadhir Ganapathy,Madurai,Tamil Nadu,India,0,New,3 + 1 Dm,04-09-2026,Not Contacted,No,Preethi R,No Tag
1829,Arun Kumar,Chennai,Tamil Nadu,India,0,Followup,3 + 1 Dm,1730-10-19,Not Contacted,No,Preethi R,Follow Up
1830,Kssenterprises,Chennai,Tamil Nadu,India,0,Not Answering,3 + 1 Dm,04-09-2026,Not Contacted,No,Gayathri  R,Call Back Later
1831,Raja,Chennai,Tamil Nadu,India,0,Followup,3 + 1 Dm,04-09-2026,Not Contacted,No,Gayathri  R,Follow Up
1832,Thirulogasundar,Chennai,Tamil Nadu,India,0,Not Answering,3 + 1 Dm,04-09-2026,Not Contacted,No,Gayathri  R,Not Answering
1833,Mohamed Fazil,Tiruppur,Tamil Nadu,India,0,Followup,3 + 1 Dm,04-09-2026,Not Contacted,No,Preethi R,Follow Up
1834,Krishnakumar,Chennai,Tamil Nadu,India,0,Not Answering,3 + 1 Dm,04-09-2026,Not Contacted,No,Preethi R,Not Answering
1835,Amit Maheshwari,Madurai,Tamil Nadu,India,0,Followup,3 + 1 Dm,04-09-2026,Not Contacted,No,Harish Kumar K,Follow Up
1836,Rds Ramkumar,Pudukkottai,Tamil Nadu,India,0,Followup,3 + 1 Dm,04-09-2026,Not Contacted,No,Preethi R,Follow Up
1837,Johnson,Tiruchirappalli,Tamil Nadu,India,0,Close Follow Up,"Dm 24,999",04-09-2026,Not Contacted,Yes,Jeevitha  D,No Tag
1838,Mr Shakthivel,Chennai,Tamil Nadu,India,0,Followup,Whatsapp Dm Enquiries,04-09-2026,Not Contacted,No,Pon Bala Subramanian,No Tag
1839,M Mediaphotography,Chennai,Tamil Nadu,India,0,Followup,Dm 25K Naresh,04-09-2026,Not Contacted,No,Pon Bala Subramanian,No Tag
1840,Jagan Nathan C,Karaikal,Tamil Nadu,India,0,Not Interested,Dm 25K Naresh,04-09-2026,Not Contacted,No,Gayathri  R,Didn'T Enquire
1841,Monisha Manon,Marthandam,Tamil Nadu,India,0,Not Reachable,Dm 25K Naresh,04-09-2026,Not Contacted,No,Gayathri  R,Follow Up
1842,Veda,Erode,Tamil Nadu,India,0,Followup,Dm 25K Naresh,04-09-2026,Not Contacted,No,Gayathri  R,Follow Up
1843,Ks Elayaraja,Chennai,Tamil Nadu,India,0,Followup,Dm 25K Naresh,04-09-2026,Not Contacted,No,Gayathri  R,Follow Up
1844,Ganesh P,Chennai,Tamil Nadu,India,0,Followup,Dm 25K Naresh,04-09-2026,Not Contacted,No,Gayathri  R,Not Answering
1845,Prithivirajan S,Coimbatore,Tamil Nadu,India,0,Followup,Dm 25K Naresh,04-09-2026,Not Contacted,No,Gayathri  R,Follow Up
1846,Elango Subramaniam,Namakkal,Tamil Nadu,India,0,Not Answering,Dm 25K Naresh,04-09-2026,Not Contacted,No,Gayathri  R,Follow Up
1847,Parthiban Venugopalan,Chennai,Tamil Nadu,India,0,Followup,Dm 25K Naresh,04-09-2026,Not Contacted,No,Gayathri  R,Follow Up
1848,Ck,Coimbatore,Tamil Nadu,India,0,Not Answering,Dm 25K Naresh,04-09-2026,Not Contacted,No,Gayathri  R,Not Answering
1849,Abdul,Coimbatore,Tamil Nadu,India,0,Followup,Dm 25K Naresh,04-09-2026,Not Contacted,No,Gayathri  R,Follow Up
1850,Arul Selvan,Nagercoil,Tamil Nadu,India,0,Followup,Dm 25K Naresh,04-09-2026,Not Contacted,No,Gayathri  R,Follow Up
1851,Ram,Kallakurichi,Tamil Nadu,India,0,Not Interested,Dm 25K Naresh,04-09-2026,Not Contacted,No,Gayathri  R,Working With Another Team
1852,Lenin,Sivakasi,Tamil Nadu,India,0,Followup,Dm 25K Naresh,04-09-2026,Not Contacted,No,Gayathri  R,Not Answering
1853,Raj Kamal,Pattukkottai,Tamil Nadu,India,0,Not Answering,Dm 25K Naresh,04-09-2026,Not Contacted,No,Gayathri  R,Call Declined
1854,Lakshmanan,Thiruvallur,Tamil Nadu,India,0,Followup,Dm 25K Naresh,04-09-2026,Not Contacted,No,Gayathri  R,No Tag
1855,Shaan,Chennai,Tamil Nadu,India,0,Followup,Dm 25K Naresh,04-09-2026,Not Contacted,No,Gayathri  R,Switched Off
1856,Moinu Deen,Chennai,Tamil Nadu,India,0,Followup,Dm 25K Naresh,04-09-2026,Not Contacted,No,Gayathri  R,Follow Up
1857,Sangeetha Dhanasekaran,Chennai,Tamil Nadu,India,0,Followup,Dm 25K Naresh,04-09-2026,Not Contacted,No,Gayathri  R,Busy
1858,Mohammed Ibrahim,Tirupattur,Tamil Nadu,India,0,Followup,Dm 25K Naresh,04-09-2026,Not Contacted,No,Gayathri  R,Follow Up
1859,Balasubramanian Arumugam,Chennai,Tamil Nadu,India,0,Followup,Dm 25K Naresh,04-09-2026,Not Contacted,No,Gayathri  R,Follow Up
1860,Dr Rajkumar Arunachalam,Chennai,Tamil Nadu,India,0,Not Answering,Dm 25K Naresh,04-09-2026,Not Contacted,No,Gayathri  R,Not Answering
1861,Pavendhiran Pavendhiran,Pondicherry,Tamil Nadu,India,0,Call Later,Dm 25K Naresh,04-09-2026,Not Contacted,No,Gayathri  R,Follow Up
1862,Parivu Dr S Sakthivel,Chennai,Tamil Nadu,India,0,Call Later,Dm 25K Naresh,04-09-2026,Not Contacted,No,Gayathri  R,Follow Up
1863,Sri,Coimbatore,Tamil Nadu,India,0,Switched Off,Dm 25K Naresh,04-09-2026,Not Contacted,No,Gayathri  R,Switched Off
1864,Globallabs Furniture,Chennai,Tamil Nadu,India,0,Switched Off,Dm 25K Naresh,04-09-2026,Not Contacted,No,Gayathri  R,Switched Off
1865,Murugaraj Swaminathan,Chennai,Tamil Nadu,India,0,Call Later,Dm 25K Naresh,04-09-2026,Not Contacted,No,Gayathri  R,Follow Up
1866,Kesavan R,Krishnagiri,Tamil Nadu,India,0,Call Later,Dm 25K Naresh,04-09-2026,Not Contacted,No,Gayathri  R,Follow Up
1867,Gomax Logistics,Chennai,Tamil Nadu,India,0,Call Later,Dm 25K Naresh,04-09-2026,Not Contacted,No,Gayathri  R,Follow Up
1868,Saravana Kumar,Namakkal,Tamil Nadu,India,0,Not Answering,Dm 25K Naresh,04-09-2026,Not Contacted,No,Gayathri  R,Not Answering
1869,Bhuvana Jayaraman,Krishnagiri,Tamil Nadu,India,0,Not Interested,Dm 25K Naresh,1731-04-18,Not Contacted,No,Gayathri  R,Didn'T Enquire
1870,Saranya,Chennai,Tamil Nadu,India,0,Out Of Service,Dm 25K Naresh,1731-04-19,Not Contacted,No,Gayathri  R,Number Out Of Service
1871,Venkata Rajesh Nr,Chennai,Tamil Nadu,India,0,Not Answering,Dm 25K Naresh,1731-04-19,Not Contacted,No,Gayathri  R,Call Declined
1872,Kaja Moideen,Chennai,Tamil Nadu,India,0,Call Later,Dm 25K Naresh,1731-04-21,Not Contacted,No,Gayathri  R,Follow Up
1873,Tarun Nahar,Chennai,Tamil Nadu,India,0,Followup,Dm 25K Naresh,1731-04-22,Not Contacted,No,Gayathri  R,Follow Up
1874,Anju,Hosur,Tamil Nadu,India,0,Call Later,Dm 25K Naresh,1731-04-23,Not Contacted,No,Gayathri  R,Follow Up
1875,Arivazhagan,Chennai,Tamil Nadu,India,0,Not Answering,Dm 25K Naresh,1731-04-24,Not Contacted,No,Gayathri  R,Not Answering
1876,Dineshnithin Kumar,Vellore,Tamil Nadu,India,0,Followup,Dm 25K Naresh,1731-04-24,Not Contacted,No,Gayathri  R,Follow Up
1877,S Saeed,Chennai,Tamil Nadu,India,0,Not Answering,Dm 25K Naresh,1731-05-01,Not Contacted,No,Gayathri  R,Not Answering
1878,Senthil Kumar,Thiruvarur,Tamil Nadu,India,0,New,"Dm 24,999",04-09-2026,Not Contacted,Yes,Naresh Naani,No Tag
1879,Anandh B,Madurai,Tamil Nadu,India,0,Followup,Dm 25K Naresh,04-09-2026,Not Contacted,No,Gayathri  R,Follow Up
1880,Anbu Kamal Goldsandol,Kulithalai,Tamil Nadu,India,0,Not Answering,Dm 25K Naresh,04-09-2026,Not Contacted,No,Gayathri  R,Call Back Later
1881,Vsk Tamilselvam,Perundurai,Tamil Nadu,India,0,Not Answering,Dm 25K Naresh,04-09-2026,Not Contacted,No,Gayathri  R,Not Answering
1882,Arvind S,Vellore,Tamil Nadu,India,0,Call Later,App Dev,04-09-2026,Not Contacted,Yes,Harish Kumar K,Call-Later
1883,Sundar Shunmuga,Sankarankovil,Tamil Nadu,India,0,Call Later,Dm 25K Naresh,04-09-2026,Not Contacted,No,Gayathri  R,Follow Up
1884,Mohamed Yousuf,Pondicherry,Tamil Nadu,India,0,Switched Off,Dm 25K Naresh,04-09-2026,Not Contacted,No,Gayathri  R,Switched Off
1885,Gowri Shankar,Chennai,Tamil Nadu,India,0,Out Of Service,Dm 25K Naresh,04-09-2026,Not Contacted,No,Gayathri  R,Number Out Of Service
1886,Gokul Gok,Dindigul,Tamil Nadu,India,0,Not Answering,Dm 25K Naresh,04-09-2026,Not Contacted,No,Gayathri  R,Not Answering
1887,Baskar Subburayan,Kanchipuram,Tamil Nadu,India,0,Followup,Dm 25K Naresh,04-09-2026,Not Contacted,No,Gayathri  R,Follow Up
1888,Arun Baskar,Trichy,Tamil Nadu,India,0,Call Later,Dm 25K Naresh,04-09-2026,Not Contacted,No,Gayathri  R,Follow Up
1889,Dv Dinesh Adithya,Coimbatore,Tamil Nadu,India,0,Followup,Dm 25K Naresh,04-09-2026,Not Contacted,No,Gayathri  R,Follow Up
1890,Rajesh Mohan,Bangalore,Tamil Nadu,India,0,Call Later,Dm 25K Naresh,04-09-2026,Not Contacted,No,Gayathri  R,Call Back
1891,Manojkumar Nadar,Mumbai,Tamil Nadu,India,0,Followup,Dm 25K Naresh,04-09-2026,Not Contacted,No,Gayathri  R,Follow Up
1892,Ks Senthil,Tiruppur,Tamil Nadu,India,0,Followup,Dm 25K Naresh,04-09-2026,Not Contacted,No,Gayathri  R,Follow Up
1893,Anand Thirunavukarasou,Bangalore,Tamil Nadu,India,0,Not Answering,Dm 25K Naresh,04-09-2026,Not Contacted,No,Gayathri  R,Busy
1894,Kumaresan Kumz,Karaikudi,Tamil Nadu,India,0,Followup,Dm 25K Naresh,04-09-2026,Not Contacted,No,Gayathri  R,Follow Up
1895,Suchendra Kumar,Hyderabad,Tamil Nadu,India,0,Switched Off,Dm 25K Naresh,04-09-2026,Not Contacted,No,Gayathri  R,Switched Off
1896,Jaiganesh Subramani,Chennai,Tamil Nadu,India,0,Not Reachable,Dm 25K Naresh,04-09-2026,Not Contacted,No,Gayathri  R,Not Reachable
1897,Rr Kapok Mattress,Chennai,Tamil Nadu,India,0,Not Answering,Dm 25K Naresh,04-09-2026,Not Contacted,No,Gayathri  R,Not Answering
1898,Mohameed Hameed Siyan,Chennai,Tamil Nadu,India,0,Invalid,Dm 25K Naresh,04-09-2026,Not Contacted,No,Gayathri  R,Number Invalid
1899,Nirmal,Chennai,Tamil Nadu,India,0,Followup,Dm 25K Naresh,04-09-2026,Not Contacted,No,Gayathri  R,No Tag
1900,Vignesh Vicky,Chennai,Tamil Nadu,India,0,Followup,Dm 25K Naresh,04-09-2026,Not Contacted,No,Gayathri  R,Follow Up
1901,Sureshkumar A,Coimbatore,Tamil Nadu,India,0,Not Interested,Dm 25K Naresh,04-09-2026,Not Contacted,No,Gayathri  R,Already Having Team
1902,Kiran Kumar R,Bangalore,Tamil Nadu,India,0,Not Answering,Dm 25K Naresh,04-09-2026,Not Contacted,No,Gayathri  R,Not Answering
1903,Nithya S,Bangalore,Tamil Nadu,India,0,Followup,Dm 25K Naresh,04-09-2026,Not Contacted,No,Gayathri  R,Follow Up
1904,Drsyed Kaleemullah,Chennai,Tamil Nadu,India,0,Not Interested,Dm 25K Naresh,04-09-2026,Not Contacted,No,Gayathri  R,Didn'T Enquire
1905,Ramesh,Chennai,Tamil Nadu,India,0,Followup,Dm 25K Naresh,04-09-2026,Not Contacted,No,Gayathri  R,Follow Up
1906,Sendil Arasu,Bangalore,Tamil Nadu,India,0,Followup,Dm 25K Naresh,04-09-2026,Not Contacted,No,Gayathri  R,Follow Up
1907,Sureshkumar Gokulamsuresh,Salem,Tamil Nadu,India,0,Followup,Dm 25K Naresh,04-09-2026,Not Contacted,No,Gayathri  R,Call Back Later
1908,A Gunasekaran,Kumbakonam,Tamil Nadu,India,0,Followup,Dm 25K Naresh,04-09-2026,Not Contacted,No,Gayathri  R,Follow Up
1909,Sakthivel E,Chennai,Tamil Nadu,India,0,Followup,Dm 25K Naresh,04-09-2026,Not Contacted,No,Gayathri  R,No Tag
1910,Sathish,Udumalpet,Tamil Nadu,India,0,Followup,Dm 25K Naresh,04-09-2026,Not Contacted,No,Gayathri  R,Follow Up
1911,New Vision Trading,Chennai,Tamil Nadu,India,0,Followup,Dm 25K Naresh,04-09-2026,Not Contacted,No,Gayathri  R,Follow Up
1912,Sandhiya Sandy,Chennai,Tamil Nadu,India,0,Followup,Dm 25K Naresh,04-09-2026,Not Contacted,No,Gayathri  R,Follow Up
1913,V Sudeer,Hosur,Tamil Nadu,India,0,Followup,Dm 25K Naresh,04-09-2026,Not Contacted,No,Gayathri  R,Follow Up
1914,Ashraf Ali,Tirupur,Tamil Nadu,India,0,Followup,Dm 25K Naresh,04-09-2026,Not Contacted,No,Gayathri  R,Follow Up
1915,Adithya Jagadeesh,Salem,Tamil Nadu,India,0,Followup,Dm 25K Naresh,04-09-2026,Not Contacted,No,Gayathri  R,Follow Up
1916,Abdul Kayash,Chennai,Tamil Nadu,India,0,Not Answering,Dm 25K Naresh,04-09-2026,Not Contacted,No,Gayathri  R,Not Answering
1917,Ananth,Chennai,Tamil Nadu,India,0,Followup,Dm 25K Naresh,04-09-2026,Not Contacted,No,Gayathri  R,Follow Up
1918,Raji Kavi,Chennai,Tamil Nadu,India,0,Not Interested,Dm 25K Naresh,04-09-2026,Not Contacted,No,Gayathri  R,Didn'T Enquire
1919,V P Tamil Bharathi Rajan,Chennai,Tamil Nadu,India,0,Followup,Dm 25K Naresh,04-09-2026,Not Contacted,No,Gayathri  R,Follow Up
1920,Psr Ayyappa Sundaram,Bangalore,Tamil Nadu,India,0,Followup,Dm 25K Naresh,04-09-2026,Not Contacted,No,Gayathri  R,Follow Up
1921,Satheesh Srini,Paramakudi,Tamil Nadu,India,0,Followup,Dm 25K Naresh,04-09-2026,Not Contacted,No,Gayathri  R,Follow Up
1922,Raghul Arasu,Kanchipuram,Tamil Nadu,India,0,Not Interested,Dm 25K Naresh,04-09-2026,Not Contacted,No,Gayathri  R,Working With Another Team
1923,Dr R Devi,Salem,Tamil Nadu,India,0,Followup,Dm 25K Naresh,04-09-2026,Not Contacted,No,Gayathri  R,Call Back Later
1924,Manoj Jayaprakash,Madurai,Tamil Nadu,India,0,Followup,Dm 25K Naresh,04-09-2026,Not Contacted,No,Gayathri  R,Call Back Later
1925,Michael Raj,Bangalore,Tamil Nadu,India,0,Followup,Dm 25K Naresh,04-09-2026,Not Contacted,No,Gayathri  R,Follow Up
1926,Srinivasulu B,Chennai,Tamil Nadu,India,0,Followup,Dm 25K Naresh,04-09-2026,Not Contacted,No,Gayathri  R,Follow Up
1927,Aswin Chellah,Chennai,Tamil Nadu,India,0,Out Of Service,Dm 25K Naresh,04-09-2026,Not Contacted,No,Gayathri  R,Number Out Of Service
1928,Sivanathan,Coimbatore,Tamil Nadu,India,0,Followup,Dm 25K Naresh,04-09-2026,Not Contacted,No,Gayathri  R,Follow Up
1929,Thirumalaikumar Mariappan,Madurai,Tamil Nadu,India,0,Followup,Dm 25K Naresh,04-09-2026,Not Contacted,No,Gayathri  R,Follow Up
1930,Unknown Name,Tiruchirappalli,Tamil Nadu,India,0,Followup,Dm 25K Naresh,04-09-2026,Not Contacted,No,Gayathri  R,Follow Up
1931,Harish Parthasarathy,Bangalore,Tamil Nadu,India,0,Followup,Dm 25K Naresh,04-09-2026,Not Contacted,No,Gayathri  R,Call Back Later
1932,Peer Mohammed,Chennai,Tamil Nadu,India,0,Not Answering,Dm 25K Naresh,04-09-2026,Not Contacted,No,Gayathri  R,Not Answering
1933,Bala Murali,Chennai,Tamil Nadu,India,0,Not Interested,Whatsapp Dm Enquiries,04-09-2026,Not Contacted,Yes,Jeevitha  D,No Tag
1934,Geethanjali Ranganathan,Salem,Tamil Nadu,India,0,Followup,Dm 25K Naresh,04-09-2026,Not Contacted,No,Gayathri  R,Call Back Later
1935,Chithra,Chennai,Tamil Nadu,India,0,Followup,Dm 25K Naresh,04-09-2026,Not Contacted,No,Gayathri  R,Follow Up
1936,Munees,Chennai,Tamil Nadu,India,0,Followup,Dm 25K Naresh,04-09-2026,Not Contacted,No,Gayathri  R,Follow Up
1937,Gopinath Gunasekaran,Salem,Tamil Nadu,India,0,Followup,Dm 25K Naresh,04-09-2026,Not Contacted,No,Gayathri  R,Follow Up
1938,Mani Kandan Er,Chennai,Tamil Nadu,India,0,New,3 + 1 Dm,04-09-2026,Not Contacted,No,Preethi R,Call Later
1939,Omvyas Builder,Chennai,Tamil Nadu,India,0,Followup,3 + 1 Dm,04-09-2026,Not Contacted,No,Preethi R,Follow Up
1940,Mk Selvam,Chennai,Tamil Nadu,India,0,New,3 + 1 Dm,04-09-2026,Not Contacted,No,Preethi R,Npc
1941,Srini Paul,Chennai,Tamil Nadu,India,0,Close Follow Up,3 + 1 Dm,04-09-2026,Not Contacted,No,Preethi R,Close Follow Up Monday Appointment
1942,Chalapathi Rao Uppala,Chennai,Tamil Nadu,India,0,Followup,3 + 1 Dm,04-09-2026,Not Contacted,No,Preethi R,Details Shared
1943,Sateesh,Chennai,Tamil Nadu,India,0,Followup,3 + 1 Dm,04-09-2026,Not Contacted,No,Preethi R,Follow Up
1944,Mahendra Kumar,Chennai,Tamil Nadu,India,0,New,3 + 1 Dm,04-09-2026,Not Contacted,No,Preethi R,Oos
1945,Manikandan M,Chennai,Tamil Nadu,India,0,New,Dm 25K Naresh,04-09-2026,Not Contacted,No,Preethi R,Npc
1946,Saravanan Palaniappan,Chennai,Tamil Nadu,India,0,New,Dm 25K Naresh,04-09-2026,Not Contacted,No,Prasanna S,No Tag
1947,Gopu Mohan,Chennai,Tamil Nadu,India,0,Followup,Dm 25K Naresh,04-09-2026,Not Contacted,No,Preethi R,Follow Up
1948,Kaleeswaran,Chennai,Tamil Nadu,India,0,Followup,Dm 25K Naresh,04-09-2026,Not Contacted,No,Preethi R,No Tag
1949,Thilip Indiran,Chennai,Tamil Nadu,India,0,New,Dm 25K Naresh,04-09-2026,Not Contacted,No,Preethi R,Call Back
1950,Ranjithkumar Munusamy,Chennai,Tamil Nadu,India,0,New,Dm 25K Naresh,04-09-2026,Not Contacted,No,Preethi R,Call Disconnected
1951,Ahamed Alameen Mohamed Yousuf,Chennai,Tamil Nadu,India,0,New,Dm 25K Naresh,04-09-2026,Not Contacted,No,Preethi R,Npc
1952,Ram Kumar A,Chennai,Tamil Nadu,India,0,New,Dm 25K Naresh,04-09-2026,Not Contacted,No,Preethi R,Npc
1953,Segu Mohamad Pdy,Chennai,Tamil Nadu,India,0,Switched Off,Dm 25K Naresh,04-09-2026,Not Contacted,No,Preethi R,No Tag
1954,Dinesh,Chennai,Tamil Nadu,India,0,Followup,Dm 25K Naresh,04-09-2026,Not Contacted,No,Preethi R,No Tag
1955,Srinivas,Vellore,Tamil Nadu,India,0,Followup,Dm 25K Naresh,04-09-2026,Not Contacted,No,Gayathri  R,Follow Up
1956,Anram Herbal Products,Udumalpet,Tamil Nadu,India,0,Followup,Dm 25K Naresh,04-09-2026,Not Contacted,No,Gayathri  R,Follow Up
1957,Yakasiri Loshma,Nellore,Tamil Nadu,India,0,Not Interested,Dm 25K Naresh,04-09-2026,Not Contacted,No,Gayathri  R,Not Interested
1958,Arvindh Kumar,Tirupur,Tamil Nadu,India,0,Followup,Dm 25K Naresh,04-09-2026,Not Contacted,No,Gayathri  R,Call Back Later
1959,Dinesh,Pondicherry,Tamil Nadu,India,0,Wrong Lead,Dm 25K Naresh,04-09-2026,Not Contacted,No,Gayathri  R,Enquired For Dm Course
1960,Rameez,Coimbatore,Tamil Nadu,India,0,Followup,Dm 25K Naresh,04-09-2026,Not Contacted,No,Gayathri  R,Follow Up
1961,Va B,Chennai,Tamil Nadu,India,0,Not Answering,Dm 25K Naresh,04-09-2026,Not Contacted,No,Gayathri  R,Not Answering
1962,Er K P Arumagam,Vellore,Tamil Nadu,India,0,Not Reachable,Dm 25K Naresh,04-09-2026,Not Contacted,No,Gayathri  R,Not Reachable
1963,Sridevi,Chennai,Tamil Nadu,India,0,Followup,Dm 25K Naresh,04-09-2026,Not Contacted,No,Gayathri  R,Follow Up
1964,Gowtham Gopalakrishnan,Coimbatore,Tamil Nadu,India,0,Followup,Dm 25K Naresh,04-09-2026,Not Contacted,No,Gayathri  R,Follow Up
1965,Siva Kumar,Madurai,Tamil Nadu,India,0,Followup,Dm 25K Naresh,04-09-2026,Not Contacted,No,Gayathri  R,Follow Up
1966,Jc S Mathivanan,Perundurai,Tamil Nadu,India,0,Followup,Dm 25K Naresh,04-09-2026,Not Contacted,No,Gayathri  R,Follow Up
1967,Jabezrajkumar,Coimbatore,Tamil Nadu,India,0,Followup,Dm 25K Naresh,04-09-2026,Not Contacted,No,Gayathri  R,Follow Up
1968,Karthick,Madurai,Tamil Nadu,India,0,New,Fb-Dm,04-09-2026,Not Contacted,Yes,Harish Kumar K,Dm 24999
1969,Suresh,Hosur,Tamil Nadu,India,0,New,Fb-Dm,04-09-2026,Not Contacted,Yes,Harish Kumar K,No Tag
1970,Saravanan Rajendran,Chennai,Tamil Nadu,India,0,New,Fb-Dm,04-09-2026,Not Contacted,Yes,Preethi R,No Tag
1971,Babu Ramalingam,Chennai,Tamil Nadu,India,0,Followup,Fb-Dm,04-09-2026,Not Contacted,Yes,Preethi R,No Tag
1972,Arun Kumar K,Chennai,Tamil Nadu,India,0,Not Reachable,Fb-Dm,04-09-2026,Not Contacted,Yes,Prasanna S,No Tag
1973,Srinivas Chockalingam,Chennai,Tamil Nadu,India,0,Not Answering,Fb-Dm,04-09-2026,Not Contacted,Yes,Prasanna S,No Tag
1974,Murugavel,Vadapalani,Tamil Nadu,India,0,New,Fb-Dm,04-09-2026,Not Contacted,Yes,Charu Devi S,No Tag
1975,Muthu Kumar,Karur,Tamil Nadu,India,0,Followup,Fb-Dm,04-09-2026,Not Contacted,Yes,Gayathri  R,Follow Up
1976,Karthik Thang,Karur,Tamil Nadu,India,0,Followup,Fb-Dm,04-09-2026,Not Contacted,Yes,Preethi R,Call Next Week
1977,Hari Prasad,Hosur,Tamil Nadu,India,0,Wrong Lead,Fb-Dm,04-09-2026,Not Contacted,Yes,Prasanna S,No Tag
1978,Vinay Shankar,Coimbatore,Tamil Nadu,India,0,New,Fb-Dm,04-09-2026,Not Contacted,Yes,Harish Kumar K,No Tag
1979,Kutty Kannan,Chennai,Tamil Nadu,India,0,New,Fb-Dm,04-09-2026,Not Contacted,Yes,Harish Kumar K,No Tag
1980,Sathiya Ayyanar,Chennai,Tamil Nadu,India,0,Not Answering,Fb-Dm,04-09-2026,Not Contacted,Yes,Harish Kumar K,Not Answering
1981,Thiruppathi Authi,Chennai,Tamil Nadu,India,0,Followup,Fb-Dm,04-09-2026,Not Contacted,Yes,Preethi R,Share Details
1982,Shiva Kumar,Thiruvarur,Tamil Nadu,India,0,New,Fb-Dm,04-09-2026,Not Contacted,Yes,Preethi R,Call Not Connected
1983,Kannan G,Coimbatore,Tamil Nadu,India,0,New,Fb-Dm,04-09-2026,Not Contacted,Yes,Preethi R,No Tag
1984,Sasikumar Vijay,Chennai,Tamil Nadu,India,0,New,Fb-Dm,04-09-2026,Not Contacted,Yes,Charu Devi S,No Tag
1985,Hari,Chennai,Tamil Nadu,India,0,New,Fb-Dm,04-09-2026,Not Contacted,Yes,Charu Devi S,No Tag
1986,Rajamaheswari Ramesh,India,Tamil Nadu,India,0,New,Fb-Dm,04-09-2026,Not Contacted,Yes,Charu Devi S,No Tag
1987,Purple Promotors,Chennai,Tamil Nadu,India,0,Close Follow Up,Whatsapp Dm Enquiries,04-09-2026,1744-06-05,Yes,Jeevitha  D,No Tag
1988,Vetri Arasan A,Tiruvannamalai,Tamil Nadu,India,0,Followup,Fb-Dm,04-09-2026,Not Contacted,Yes,Gayathri  R,Call Back Later
1989,Prakash Silks Sarees,Salem,Tamil Nadu,India,0,Followup,Fb-Dm,04-09-2026,Not Contacted,Yes,Gayathri  R,Follow Up
1990,Deepak Krishnan,Coimbatore,Tamil Nadu,India,0,Not Answering,Fb-Dm,04-09-2026,Not Contacted,Yes,Prasanna S,Busy
1991,Janaki Raman,Tiruchirapalli,Tamil Nadu,India,0,Appointment,Fb-Dm,04-09-2026,Not Contacted,Yes,Prasanna S,Appointment
1992,Sathish Dheve,Salem,Tamil Nadu,India,0,Not Answering,Fb-Dm,04-09-2026,Not Contacted,Yes,Prasanna S,No Tag
1993,Karthick,Chennai,Tamil Nadu,India,0,Followup,Fb-Dm,04-09-2026,Not Contacted,Yes,Gayathri  R,Follow Up
1994,Dinesh Kumaran,Chennai,Tamil Nadu,India,0,Followup,Fb-Dm,04-09-2026,Not Contacted,Yes,Harish Kumar K,Follow Up
1995,Agam Diagnostics,Madurai,Tamil Nadu,India,0,Followup,Fb-Dm,04-09-2026,Not Contacted,Yes,Gayathri  R,Follow Up
1996,Thirupathi Rao,Bangalore,Tamil Nadu,India,0,Followup,Fb-Dm,04-09-2026,Not Contacted,Yes,Harish Kumar K,Follow Up
1997,Manickam Priya,Chennai,Tamil Nadu,India,0,Ring Not Answering,Whatsapp Dm Enquiries,04-09-2026,Not Contacted,Yes,Naresh Naani,Rnr
1998,Raaja Thankaraj,Chennai,Tamil Nadu,India,0,Not Answering,Fb-Dm,04-09-2026,Not Contacted,Yes,Prasanna S,Call Back Later
1999,Shanmugavel M,Bangalore,Tamil Nadu,India,0,Followup,Fb-Dm,04-09-2026,Not Contacted,Yes,Gayathri  R,Follow Up
2000,Amma Hair Oil,Coimbatore,Tamil Nadu,India,0,Followup,Fb-Dm,04-09-2026,Not Contacted,Yes,Charu Devi S,Share The Details
2001,Muhammed Fzl,Thiruvananthapuram,Tamil Nadu,India,0,Customer,Fb-Dm,04-09-2026,Not Contacted,Yes,Harish Kumar K,Follow Up
2002,Nataraj,Hosur,Tamil Nadu,India,0,New,Fb-Dm,04-09-2026,Not Contacted,Yes,Preethi R,Busy
2003,Rajasekar Mookkan,Trichy,Tamil Nadu,India,0,Not Answering,Fb-Dm,04-09-2026,Not Contacted,Yes,Prasanna S,Call Later
2004,Rajesh Jayaraman,Chennai,Tamil Nadu,India,0,Followup,Fb-Dm,04-09-2026,Not Contacted,Yes,Prasanna S,Follow Up
2005,Siva,Madurai,Tamil Nadu,India,0,Followup,Fb-Dm,04-09-2026,Not Contacted,Yes,Preethi R,Call After An Hour
2006,Sathish Kumar,Chennai,Tamil Nadu,India,0,Not Answering,Fb-Dm,04-09-2026,Not Contacted,Yes,Harish Kumar K,Not Answering
2007,Srimugan Srimugan,Ramapuram,Tamil Nadu,India,0,New,Fb-Dm,04-09-2026,Not Contacted,Yes,Preethi R,Npc
2008,Dhamotharan,Karur,Tamil Nadu,India,0,Not Interested,Fb-Dm,04-09-2026,Not Contacted,Yes,Harish Kumar K,Not Interested
2009,Dr Rinji,Chennai,Tamil Nadu,India,0,Not Answering,Fb-Dm,04-09-2026,Not Contacted,Yes,Harish Kumar K,Not Answering
2010,Nandhu Gopal,Tirupur,Tamil Nadu,India,0,New,Fb-Dm,04-09-2026,Not Contacted,Yes,Preethi R,Npc
2011,Dinakaran Ap,Chennai,Tamil Nadu,India,0,New,Fb-Dm,04-09-2026,Not Contacted,Yes,Preethi R,No Tag
2012,Prakash Thyagarajan,Namakkal,Tamil Nadu,India,0,New,Fb-Dm,04-09-2026,Not Contacted,Yes,Preethi R,Npc
2013,Ram,Pudukkottai,Tamil Nadu,India,0,New,Fb-Dm,04-09-2026,Not Contacted,Yes,Preethi R,Call Later
2014,Karthi Karthi,Hosur,Tamil Nadu,India,0,Followup,Fb-Dm,04-09-2026,Not Contacted,Yes,Gayathri  R,Call Later
2015,Balaji Vivek,Bangalore,Tamil Nadu,India,0,Details Has Sent Through Whatsapp,Fb-Dm,04-09-2026,Not Contacted,Yes,Gayathri  R,Details Shared
2016,Viswa,Thiruvarangam,Tamil Nadu,India,0,Followup,Fb-Dm,04-09-2026,Not Contacted,Yes,Gayathri  R,Call Later
2017,Aranchve,Chennai,Tamil Nadu,India,0,Call Later,Whatsapp Dm Enquiries,04-09-2026,Not Contacted,No,Harish Kumar K,Website Enquiry
2018,Adak,Chennai,Tamil Nadu,India,0,Switched Off,Whatsapp Dm Enquiries,04-09-2026,Not Contacted,No,Gayathri  R,Website Enquiry
2019,Azeef Shibi,Chennai,Tamil Nadu,India,0,Not Answering,Whatsapp Dm Enquiries,04-09-2026,Not Contacted,No,Gayathri  R,Website Enquiry
2020,New Life Charitable Trust,Chennai,Tamil Nadu,India,0,Followup,Whatsapp Dm Enquiries,04-09-2026,Not Contacted,No,Gayathri  R,Website Enquiry
2021,Mugesh,Chennai,Tamil Nadu,India,0,Followup,Whatsapp Dm Enquiries,04-09-2026,Not Contacted,No,Harish Kumar K,Website Enquiry
2022,Sundaraj,Chennai,Tamil Nadu,India,0,Followup,Whatsapp Dm Enquiries,04-09-2026,Not Contacted,Yes,Prasanna S,Website Enquiry
2023,Mr White Devil,Chennai,Tamil Nadu,India,0,Not Answering,Whatsapp Dm Enquiries,04-09-2026,Not Contacted,Yes,Prasanna S,"Website Enquiry, Busy"
2024,Daniel,Chennai,Tamil Nadu,India,0,Switched Off,Whatsapp Dm Enquiries,04-09-2026,Not Contacted,No,Gayathri  R,Website Enquiry
2025,Inivel,Chennai,Tamil Nadu,India,0,Followup,Whatsapp Dm Enquiries,04-09-2026,Not Contacted,No,Harish Kumar K,Website Enquiry
2026,Aqua Ro Water Purifier,Chennai,Tamil Nadu,India,0,Details Has Sent Through Whatsapp,Whatsapp Dm Enquiries,04-09-2026,Not Contacted,Yes,Gayathri  R,Website Enqiry
2027,Naresh Kumar,Chennai,Tamil Nadu,India,0,Not Reachable,Whatsapp Dm Enquiries,04-09-2026,Not Contacted,Yes,Prasanna S,Website Enquiry
2028,Some Time It Happen,Chennai,Tamil Nadu,India,0,Wrong Lead,Whatsapp Dm Enquiries,04-09-2026,Not Contacted,No,Harish Kumar K,Website Enquiry
2030,Balaji,Chennai,Tamil Nadu,India,0,Out Of Service,Whatsapp Dm Enquiries,04-09-2026,Not Contacted,Yes,Prasanna S,Website Enquiry
2031,Awfora,Chennai,Tamil Nadu,India,0,Not Reachable,Whatsapp Dm Enquiries,04-09-2026,Not Contacted,Yes,Pon Bala Subramanian,No Tag
2032,Vidhya,Chennai,Tamil Nadu,India,0,Not Answering,Whatsapp Dm Enquiries,04-09-2026,Not Contacted,No,Harish Kumar K,Website Enquiry
2033,Ashwin B,Chennai,Tamil Nadu,India,0,Not Answering,Whatsapp Dm Enquiries,04-09-2026,Not Contacted,No,Harish Kumar K,Website Enquiry
2034,Reythish,Chennai,Tamil Nadu,India,0,Not Interested,Whatsapp Dm Enquiries,04-09-2026,Not Contacted,Yes,Jeevitha  D,No Tag
2035,Md Ajad,Chennai,Tamil Nadu,India,0,Not Interested,Whatsapp Dm Enquiries,04-09-2026,Not Contacted,Yes,Prasanna S,Website Enquiry
2036,Babu Ganesh,Chennai,Tamil Nadu,India,0,New,Whatsapp Dm Enquiries,04-09-2026,Not Contacted,Yes,Andrews Wgs,Website Enquiry
2037,Vv,Chennai,Tamil Nadu,India,0,Switched Off,Whatsapp Dm Enquiries,04-09-2026,Not Contacted,No,Charu Devi S,Website Enquiry
2038,Shiva Vijayraj,Chennai,Tamil Nadu,India,0,Closed By Other Team,Whatsapp Dm Enquiries,04-09-2026,Not Contacted,No,Charu Devi S,Website Enquiry
2039,Thiruvikram,Chennai,Tamil Nadu,India,0,Switched Off,Whatsapp Dm Enquiries,04-09-2026,Not Contacted,Yes,Prasanna S,Website Enquiry
2040,Selva Kumar,Chennai,Tamil Nadu,India,0,Not Interested,Whatsapp Dm Enquiries,04-09-2026,Not Contacted,No,Charu Devi S,Website Enquiry
2041,Pj,Chennai,Tamil Nadu,India,0,Wrong Lead,Whatsapp Dm Enquiries,04-09-2026,Not Contacted,No,Harish Kumar K,Website Enquiry
2042,Best Care Facility,Chennai,Tamil Nadu,India,0,Closed By Other Team,Whatsapp Dm Enquiries,04-09-2026,Not Contacted,Yes,Prasanna S,Website Enquiry
2043,Murali Rama Krishnan,Chennai,Tamil Nadu,India,0,Details Has Sent Through Whatsapp,Whatsapp Dm Enquiries,04-09-2026,Not Contacted,Yes,Charu Devi S,Website Enquiry
2044,Praveen,Chennai,Tamil Nadu,India,0,Out Of Service,Whatsapp Dm Enquiries,04-09-2026,Not Contacted,No,Charu Devi S,Website Enquiry
2045,Meena Vasanthi,Chennai,Tamil Nadu,India,0,Switched Off,Whatsapp Dm Enquiries,04-09-2026,Not Contacted,No,Charu Devi S,Website Enquiry
2046,Balaji J,Tiruchirappalli,Tamil Nadu,India,0,Not Answering,Fb-Dm,04-09-2026,Not Contacted,Yes,Harish Kumar K,No Tag
2047,Madhu,Coimbatore,Tamil Nadu,India,0,Followup,Fb-Dm,04-09-2026,Not Contacted,Yes,Preethi R,Details Shared
2048,Geo Mujeeb,Palakkad,Tamil Nadu,India,0,Not Answering,Fb-Dm,04-09-2026,Not Contacted,Yes,Prasanna S,Busy
2049,Madrasys Technologies,Triplicane,Tamil Nadu,India,0,Not Answering,Fb-Dm,04-09-2026,Not Contacted,Yes,Gayathri  R,Call Disconnected
2050,Saran Saran,Hosur,Tamil Nadu,India,0,Followup,Fb-Dm,04-09-2026,Not Contacted,Yes,Gayathri  R,No Tag
2051,Vinesh Ravi,Thrissur,Tamil Nadu,India,0,Not Reachable,Fb-Dm,04-09-2026,Not Contacted,Yes,Harish Kumar K,No Tag
2052,Coeo Wellness Pvt Ltd,Trichy,Tamil Nadu,India,0,Need To Get Requirements,Fb-Dm,04-09-2026,Not Contacted,Yes,Harish Kumar K,No Tag
2053,Raja Jay,Madurai,Tamil Nadu,India,0,New,Fb-Dm,04-09-2026,Not Contacted,Yes,Preethi R,No Tag
2054,Nithish Kumaran,Tiruchengodu,Tamil Nadu,India,0,Not Answering,Fb-Dm,04-09-2026,Not Contacted,Yes,Prasanna S,No Tag
2055,John Francis Richard,Coimbatore,Tamil Nadu,India,0,New,Fb-Dm,04-09-2026,Not Contacted,Yes,Gayathri  R,No Tag
2056,Sathish Kumar M,Sankarankovil,Tamil Nadu,India,0,Followup,Fb-Dm,04-09-2026,Not Contacted,Yes,Preethi R,No Tag
2057,Shanker,Pallavaram,Tamil Nadu,India,0,Not Answering,Fb-Dm,04-09-2026,Not Contacted,Yes,Prasanna S,No Tag
2058,S Manish Manikandan,Chennai,Tamil Nadu,India,0,Call Later,Whatsapp Dm Enquiries,04-09-2026,Not Contacted,No,Harish Kumar K,Website Enquiry
2059,Girija,Chennai,Tamil Nadu,India,0,Not Interested,Whatsapp Dm Enquiries,04-09-2026,Not Contacted,No,Harish Kumar K,Website Enquiry
2060,Kidz Nest,Chennai,Tamil Nadu,India,0,Not Interested,Whatsapp Dm Enquiries,04-09-2026,Not Contacted,Yes,Prasanna S,No Tag
2061,Sabari Ravichandhran Entrepreneur,Chennai,Tamil Nadu,India,0,Not Answering,Whatsapp Dm Enquiries,04-09-2026,Not Contacted,Yes,Naresh Naani,"Call Back Later, Cut The Call"
2062,Murali,Chennai,Tamil Nadu,India,0,New,App Dev,04-09-2026,Not Contacted,Yes,Prem Kumar,No Tag
2063,Zin Uma,Chennai,Tamil Nadu,India,0,Followup,Fb-Dm,04-09-2026,Not Contacted,Yes,Prasanna S,Will Call Back Us
2064,Abdul Rahman,Thanjavur,Tamil Nadu,India,0,Closed By Other Team,Fb-Dm,04-09-2026,Not Contacted,Yes,Gayathri  R,No Tag
2065,Rajkumar S,Madurai,Tamil Nadu,India,0,Followup,Fb-Dm,04-09-2026,Not Contacted,Yes,Harish Kumar K,Follow Up
2066,Sathish Kumar,Chennai,Tamil Nadu,India,0,New,Fb-Dm,04-09-2026,Not Contacted,Yes,Preethi R,No Tag
2067,J Kevin Karthik,Chennai,Tamil Nadu,India,0,Not Answering,Fb-Dm,04-09-2026,Not Contacted,Yes,Prasanna S,Call By Noon After 2
2068,Sivakumar,Manaparai,Tamil Nadu,India,0,New,Fb-Dm,04-09-2026,Not Contacted,Yes,Preethi R,Npc
2069,Ashok Kumar,Varanasi,Tamil Nadu,India,0,Already Have One,Fb-Dm,04-09-2026,Not Contacted,Yes,Harish Kumar K,Already Having Team
2070,Pree Ganu,Chennai,Tamil Nadu,India,0,Not Interested,Fb-Dm,04-09-2026,Not Contacted,Yes,Preethi R,Not Registered
2071,Express Trade Finance Private Limited,Chennai,Tamil Nadu,India,5000,Customer,Google Extractor,04-09-2026,Not Contacted,Yes,Prasanna S,No Tag
2072,Vincent Raj,Coimbatore,Tamil Nadu,India,0,Followup,Fb-Dm,04-09-2026,Not Contacted,Yes,Harish Kumar K,Follow Up
2073,Ajil Sidharth,Chennai,Tamil Nadu,India,0,Appointment,Fb-Dm,04-09-2026,Not Contacted,Yes,Preethi R,Appointment
2074,Anand Balasubramanian,Coimbatore,Tamil Nadu,India,0,New,Fb-Dm,04-09-2026,Not Contacted,Yes,Preethi R,Npc
2075,Sai,Chennai,Tamil Nadu,India,0,Switched Off,Fb-Dm,04-09-2026,Not Contacted,Yes,Preethi R,No Tag
2076,Karthik Keyan,Salem,Tamil Nadu,India,0,Call Later,Fb-Dm,04-09-2026,Not Contacted,Yes,Harish Kumar K,Call Back Later
2077,Arutchelvan Balakrishnan,Erode,Tamil Nadu,India,0,New,Fb-Dm,04-09-2026,Not Contacted,Yes,Preethi R,Npc
2078,Kasita Property,Karur,Tamil Nadu,India,0,New,Fb-Dm,04-09-2026,Not Contacted,Yes,Gayathri  R,Not Answering
2079,Ram Prakash,Pattukkottai,Tamil Nadu,India,0,Followup,Fb-Dm,04-09-2026,Not Contacted,Yes,Harish Kumar K,Follow Up
2080,Senthil Kumar,Chennai,Tamil Nadu,India,0,Followup,Fb-Dm,04-09-2026,Not Contacted,Yes,Preethi R,Follow Up
2081,Karthick Mn,Chennai,Tamil Nadu,India,0,Followup,Fb-Dm,04-09-2026,Not Contacted,Yes,Harish Kumar K,Follow Up
2082,Santhasabarish,Ancona,Tamil Nadu,India,0,New,Fb-Dm,04-09-2026,Not Contacted,Yes,Gayathri  R,He Will Call Back
2083,Karthika Lohababu,Chennai,Tamil Nadu,India,0,Call Later,Fb-Dm,04-09-2026,Not Contacted,Yes,Harish Kumar K,Call Back Later
2084,Siva Gananathan,Chandigarh,Tamil Nadu,India,0,Followup,Fb-Dm,04-09-2026,Not Contacted,Yes,Preethi R,Follow Up
2085,Aravinth Crackers,Sivakasi,Tamil Nadu,India,0,Followup,Fb-Dm,04-09-2026,Not Contacted,Yes,Prasanna S,"Follow Up, Dm, Need To Share The Details"
2086,Rajesh Chandrasekaran,Chennai,Tamil Nadu,India,0,Not Answering,Fb-Dm,04-09-2026,Not Contacted,Yes,Pon Bala Subramanian,Not Answering
2087,Praveen,Coimbatore,Tamil Nadu,India,0,Not Answering,Fb-Dm,04-09-2026,Not Contacted,Yes,Harish Kumar K,Not Answering
2088,Arun Jeyaprakash,Sivakasi,Tamil Nadu,India,0,New,Fb-Dm,04-09-2026,Not Contacted,Yes,Preethi R,Busy
2089,Muni Raj,Chennai,Tamil Nadu,India,0,Followup,Fb-Dm,04-09-2026,Not Contacted,Yes,Preethi R,Follow Up
2090,Saravanan Sakthivel,Kodaikanal,Tamil Nadu,India,0,Not Interested,Fb-Dm,04-09-2026,Not Contacted,Yes,Pon Bala Subramanian,No Tag
2091,Krishna Kumar S,Periyanaickenpalayam,Tamil Nadu,India,0,Not Answering,Fb-Dm,04-09-2026,Not Contacted,Yes,Harish Kumar K,Not Answering
2092,Jagadheeshkumar,Chennai,Tamil Nadu,India,0,Followup,Fb-Dm,04-09-2026,Not Contacted,Yes,Preethi R,Close Follow Up
2093,Arvin Kumar,Bangalore,Tamil Nadu,India,0,Not Answering,Fb-Dm,04-09-2026,Not Contacted,Yes,Prasanna S,No Tag
2094,Samu,Chennai,Tamil Nadu,India,0,New,Fb-Dm,04-09-2026,Not Contacted,Yes,Gayathri  R,No Tag
2095,Vaddi Chandhra,Bangalore,Tamil Nadu,India,0,Not Answering,Fb-Dm,04-09-2026,Not Contacted,Yes,Harish Kumar K,Not Answering
2096,Rk,Chennai,Tamil Nadu,India,0,Details Has Sent Through Whatsapp,Fb-Dm,04-09-2026,Not Contacted,Yes,Prasanna S,No Tag
2097,Riyas Ahamed,Mettuppalaiyam,Tamil Nadu,India,0,Followup,Fb-Dm,04-09-2026,Not Contacted,Yes,Prasanna S,Need To Share The Details
2098,Em Agri Goats Farm,Ettaiyapuram,Tamil Nadu,India,0,Out Of Service,Fb-Dm,04-09-2026,Not Contacted,Yes,Gayathri  R,No Tag
2099,Pammal T Kanthasamy,Chennai,Tamil Nadu,India,0,Not Reachable,Fb-Dm,04-09-2026,Not Contacted,Yes,Harish Kumar K,No Tag
2100,Olx Autos Sk Cars Tiruppur,Chennai,Tamil Nadu,India,0,Pending,3 + 1 Dm,04-09-2026,Not Contacted,No,Preethi R,Not Required As Of Now.
2101,Ambika Visveswaran,Chennai,Tamil Nadu,India,0,Followup,3 + 1 Dm,04-09-2026,Not Contacted,No,Preethi R,No Tag
2102,Suvin Prathab,Chennai,Tamil Nadu,India,0,New,3 + 1 Dm,04-09-2026,Not Contacted,No,Preethi R,Npc
2103,Sathish Prasath,Chennai,Tamil Nadu,India,0,Followup,3 + 1 Dm,04-09-2026,Not Contacted,No,Preethi R,Call Back
2104,Richard Marshal A,Chennai,Tamil Nadu,India,0,New,3 + 1 Dm,04-09-2026,Not Contacted,No,Preethi R,Npc
2105,Dhanvi Interiors,Chennai,Tamil Nadu,India,0,Call Later,Fb-Hwp,04-09-2026,Not Contacted,Yes,Harish Kumar K,Call Back
2106,Gireesh,Chennai,Tamil Nadu,India,0,Followup,Fb-Hwp,04-09-2026,Not Contacted,Yes,Harish Kumar K,Follow Up
2107,Abdul Salam,Chennai,Tamil Nadu,India,0,Not Responding,"Dm 24,999 Hq",04-09-2026,Not Contacted,Yes,Santhosh Wgs,No Tag
2108,Natural Health Herbal,Chennai,Tamil Nadu,India,0,Switched Off,Fb-Hwp,04-09-2026,Not Contacted,Yes,Harish Kumar K,No Tag
2109,Sharath,Chennai,Tamil Nadu,India,0,Not Responding,Fb-Hwp,04-09-2026,Not Contacted,Yes,Harish Kumar K,"Need To Share The Details For Saloon Business, Need To Share The Model And Need Reels Shoot, 3/2/25"
2110,Unknown,Chennai,Tamil Nadu,India,0,Followup,Fb-Hwp,04-09-2026,Not Contacted,Yes,Harish Kumar K,"Mobile App Development, Appointment"
2111,Sathvika Realtors Builders,Chennai,Tamil Nadu,India,0,Followup,Fb-Hwp,04-09-2026,Not Contacted,Yes,Harish Kumar K,"Need To Share The Details, Will Call Back Us After Reviewing Our Details"
2112,Dhanasekaran,Chennai,Tamil Nadu,India,0,Followup,3 + 1 Dm,04-09-2026,Not Contacted,No,Preethi R,Busy / Not Reachable
2113,Monica Magudapathy,Chennai,Tamil Nadu,India,0,Followup,3 + 1 Dm,04-09-2026,Not Contacted,Yes,Preethi R,No Tag
2114,Bharath,Chennai,Tamil Nadu,India,0,Followup,3 + 1 Dm,04-09-2026,Not Contacted,No,Preethi R,Profile Shared
2115,Gopison,Chennai,Tamil Nadu,India,0,New,3 + 1 Dm,04-09-2026,Not Contacted,No,Preethi R,Npc
2116,Ramesh Kandasamy,Chennai,Tamil Nadu,India,0,New,3 + 1 Dm,04-09-2026,Not Contacted,No,Preethi R,Npc
2117,Rajaram M,Chennai,Tamil Nadu,India,0,New,3 + 1 Dm,04-09-2026,Not Contacted,No,Preethi R,Busy
2118,Vinoth Kumar,Chennai,Tamil Nadu,India,0,New,3 + 1 Dm,04-09-2026,Not Contacted,No,Preethi R,Npc
2119,Arun,Chennai,Tamil Nadu,India,0,New,3 + 1 Dm,04-09-2026,Not Contacted,No,Preethi R,Busy
2120,Ak Suresh Ak Suresh,Chennai,Tamil Nadu,India,0,Switched Off,3 + 1 Dm,04-09-2026,Not Contacted,No,Preethi R,Switched Off
2121,Ks Ramakrishnan,Chennai,Tamil Nadu,India,0,New,3 + 1 Dm,04-09-2026,Not Contacted,No,Preethi R,Npc
2122,Munnees,Chennai,Tamil Nadu,India,0,Followup,3 + 1 Dm,04-09-2026,Not Contacted,No,Preethi R,Npc
2123,Kumar Rock,Chennai,Tamil Nadu,India,0,New,3 + 1 Dm,04-09-2026,Not Contacted,No,Preethi R,Npc
2124,Saravanan Saravananpts,Chennai,Tamil Nadu,India,0,Followup,3 + 1 Dm,04-09-2026,Not Contacted,No,Preethi R,No Tag
2125,A Martinn,Chennai,Tamil Nadu,India,0,New,3 + 1 Dm,04-09-2026,Not Contacted,No,Preethi R,Npc
2126,New Tiruppur Traders,Chennai,Tamil Nadu,India,0,Followup,3 + 1 Dm,04-09-2026,Not Contacted,No,Preethi R,Call Later
2127,Alagar Associates,Chennai,Tamil Nadu,India,0,Followup,3 + 1 Dm,04-09-2026,Not Contacted,No,Preethi R,Call Later
2128,Jvijayakumar,Chennai,Tamil Nadu,India,0,Closed By Other Team,3 + 1 Dm,04-09-2026,Not Contacted,No,Preethi R,Closed By Other Team
2129,Jaya Seelan Raju,Chennai,Tamil Nadu,India,0,New,3 + 1 Dm,04-09-2026,Not Contacted,No,Preethi R,Npc
2130,Saravanan Subramanian,Chennai,Tamil Nadu,India,0,Followup,3 + 1 Dm,04-09-2026,Not Contacted,No,Preethi R,Follow Up
2131,Anand Sekar,Chennai,Tamil Nadu,India,0,New,3 + 1 Dm,04-09-2026,Not Contacted,No,Preethi R,Call Disconnected
2132,Jp Arunachalam,Chennai,Tamil Nadu,India,0,New,3 + 1 Dm,04-09-2026,Not Contacted,No,Preethi R,Busy
2133,S Sangheetha Parthasarathy,Chennai,Tamil Nadu,India,0,New,3 + 1 Dm,04-09-2026,Not Contacted,No,Preethi R,Npc
2134,Sumithra Reddy,Chennai,Tamil Nadu,India,0,New,3 + 1 Dm,04-09-2026,Not Contacted,No,Preethi R,Busy
2135,Manoj Ravichandran,Chennai,Tamil Nadu,India,0,Not Responding,Fb-Dm,04-09-2026,Not Contacted,Yes,Prasanna S,No Tag
2136,Harsha Dheeraj,Chennai,Tamil Nadu,India,0,Competitor,3 + 1 Dm,04-09-2026,Not Contacted,No,Preethi R,Not Not Required - Same Business
2137,Prashant,Chennai,Tamil Nadu,India,0,Followup,3 + 1 Dm,04-09-2026,Not Contacted,No,Preethi R,Follow Up
2138,Anandh,Chennai,Tamil Nadu,India,0,Followup,3 + 1 Dm,04-09-2026,Not Contacted,No,Preethi R,Follow Up
2139,Karthik Shanmugam,Chennai,Tamil Nadu,India,0,Followup,3 + 1 Dm,04-09-2026,Not Contacted,No,Preethi R,Call Later
2140,Akk,Chennai,Tamil Nadu,India,0,New,3 + 1 Dm,04-09-2026,Not Contacted,No,Preethi R,Npc
2141,Unknown Name,Chennai,Tamil Nadu,India,0,Pending,3 + 1 Dm,04-09-2026,Not Contacted,No,Preethi R,No Tag
2142,Vinoth Kumar,Chennai,Tamil Nadu,India,0,Close Follow Up,3 + 1 Dm,04-09-2026,Not Contacted,No,Preethi R,18/12 - Call Back
2143,Lemuria Raja,Chennai,Tamil Nadu,India,0,Switched Off,3 + 1 Dm,04-09-2026,Not Contacted,No,Preethi R,Out Of Service
2144,Nagaraj Joshva,Chennai,Tamil Nadu,India,0,Not Responding,3 + 1 Dm,04-09-2026,Not Contacted,No,Preethi R,No Tag
2145,Sarathi Kannan,Chennai,Tamil Nadu,India,0,Followup,3 + 1 Dm,04-09-2026,Not Contacted,No,Preethi R,Details Shared
2146,Arvinth Krishnan,Chennai,Tamil Nadu,India,0,Pending,3 + 1 Dm,04-09-2026,Not Contacted,No,Preethi R,No Tag
2147,Raja,Chennai,Tamil Nadu,India,0,New,3 + 1 Dm,04-09-2026,Not Contacted,No,Preethi R,Npc
2148,Azhar Dheen,Chennai,Tamil Nadu,India,0,Close Follow Up,3 + 1 Dm,04-09-2026,Not Contacted,No,Preethi R,Close Follow Up
2149,Gnyan Rs,Chennai,Tamil Nadu,India,0,Followup,3 + 1 Dm,04-09-2026,Not Contacted,No,Preethi R,Follow Up4
2150,Sudhan Valavan,Chennai,Tamil Nadu,India,0,New,3 + 1 Dm,04-09-2026,Not Contacted,No,Preethi R,Npc
2151,Aarthysaha Arumugam,Chennai,Tamil Nadu,India,0,New,Fb-Dm,04-09-2026,Not Contacted,Yes,Preethi R,Npc
2152,Vijay,Chennai,Tamil Nadu,India,0,Followup,Fb-Dm,04-09-2026,Not Contacted,Yes,Prasanna S,Need To Share The Details
2153,Yogesh Waran Yogeswaran,Chennai,Tamil Nadu,India,0,Not Responding,Fb-Dm,04-09-2026,Not Contacted,Yes,Prasanna S,Not Answering
2154,V Deepa,Hyderabad,Tamil Nadu,India,0,Followup,Fb-Dm,04-09-2026,Not Contacted,Yes,Harish Kumar K,Need To Call Back Tomorrow Morning
2155,Narayana Moorthy,Chennai,Tamil Nadu,India,0,Followup,Fb-Dm,04-09-2026,Not Contacted,Yes,Preethi R,Call @3Clock
2156,Gowtham T,Chennai,Tamil Nadu,India,0,Not Responding,Fb-Dm,04-09-2026,Not Contacted,Yes,Prasanna S,Not Answering
2157,Mp Prem Kumar,Coimbatore,Tamil Nadu,India,0,Followup,Fb-Dm,04-09-2026,Not Contacted,Yes,Prasanna S,"Website Enquiry, Need To Share The Details"
2158,Bala Murugan,Erode,Tamil Nadu,India,0,Followup,Fb-Dm,04-09-2026,Not Contacted,Yes,Harish Kumar K,Need To Call Back Tomorrow Morning
2159,Yasvanth Yash,Coimbatore,Tamil Nadu,India,0,New,Fb-Dm,04-09-2026,Not Contacted,Yes,Preethi R,Npc
2160,Deenadayalan Ananthasayanam,Chennai Anna Nagar,Tamil Nadu,India,0,Followup,Fb-Dm,04-09-2026,Not Contacted,Yes,Prasanna S,Will Call Us Later
2161,Family Holidays,Chennai,Tamil Nadu,India,0,Followup,Dm 25K Naresh,04-09-2026,Not Contacted,No,Preethi R,Call Later
2162,Vigneshwar Kg,Chennai,Tamil Nadu,India,0,Followup,Fb-Dm,04-09-2026,Not Contacted,Yes,Pon Bala Subramanian,"6 Post, 3 Infographic Reels, Seo"
2163,Sharmila Joshfash,Chennai,Tamil Nadu,India,0,Appointment,Fb-Dm,04-09-2026,Not Contacted,Yes,Pon Bala Subramanian,Have Arranged Meet
2164,Jhany,Salem,Tamil Nadu,India,0,Details Has Sent Through Whatsapp,Fb-Dm,04-09-2026,Not Contacted,Yes,Prasanna S,No Tag
2165,Muniyandi Rajamani,Sattur,Tamil Nadu,India,0,Not Responding,Fb-Dm,04-09-2026,Not Contacted,Yes,Harish Kumar K,Not Answering
2166,Dillip Kumar,Arakkonam,Tamil Nadu,India,0,Followup,Fb-Dm,04-09-2026,Not Contacted,Yes,Pon Bala Subramanian,"Cafe At Arakonam, 20K 5 Post And 4 Reels"
2167,Subramani Pandimuthu,Tiruchirappalli,Tamil Nadu,India,0,Not Responding,Fb-Dm,04-09-2026,Not Contacted,Yes,Prasanna S,Need To Call Back
2168,Subramani Pandimuthu,Kollam,Tamil Nadu,India,0,Followup,Fb-Dm,04-09-2026,Not Contacted,Yes,Harish Kumar K,Follow Up
2169,Malar Mathi,Chennai,Tamil Nadu,India,0,Followup,Fb-Dm,04-09-2026,Not Contacted,Yes,Pon Bala Subramanian,She Will Call Back
2170,Saravana Prakash,Coimbatore,Tamil Nadu,India,0,Wrong Lead,Fb-Dm,04-09-2026,Not Contacted,Yes,Prasanna S,Not Answering
2171,Thilaga,Coimbatore,Tamil Nadu,India,0,Invalid,Fb-Dm,04-09-2026,Not Contacted,Yes,Harish Kumar K,Not Interested
2172,Manish,Salem India,Tamil Nadu,India,0,Not Responding,Fb-Dm,04-09-2026,Not Contacted,Yes,Pon Bala Subramanian,"Called By 13-12, 1.00 Pm"
2173,Gkr Kamal Raj,Chennai,Tamil Nadu,India,0,Proposal Shared,Whatsapp Dm Enquiries,04-09-2026,Not Contacted,Yes,Naresh Naani,"Personal Branding, Need To Connect Again, Information Shared"
2174,K S V Holidays,Coimbatore,Tamil Nadu,India,0,Not Responding,Fb-Dm,04-09-2026,Not Contacted,Yes,Harish Kumar K,Not Answering
2175,Mohammed Muhazir,Coimbatore,Tamil Nadu,India,0,Followup,Fb-Dm,04-09-2026,Not Contacted,Yes,Pon Bala Subramanian,He Will Call Back
2176,Sheerin,Chennai,Tamil Nadu,India,0,Not Responding,Fb-Dm,04-09-2026,Not Contacted,Yes,Pon Bala Subramanian,Not Answering
2177,Ramesh,Chennai,Tamil Nadu,India,0,Call Later,Dm 25K Naresh,04-09-2026,Not Contacted,Yes,Prasanna S,Need To Call Back After An Hour
2178,Craft House Gift World,Chennai,Tamil Nadu,India,0,Details Has Sent Through Whatsapp,Dm 25K Naresh,04-09-2026,Not Contacted,Yes,Prasanna S,Need To Share The Details
2179,Mohamed Azarudeen,Chennai,Tamil Nadu,India,0,Followup,Dm 25K Naresh,04-09-2026,Not Contacted,Yes,Prasanna S,Need To Share The Details
2180,Bhagavan D,Chennai,Tamil Nadu,India,0,Not Interested,Dm 25K Naresh,04-09-2026,Not Contacted,Yes,Prasanna S,Price Is Too High
2181,Kandhan Mani,Chennai,Tamil Nadu,India,0,Not Responding,Dm 25K Naresh,04-09-2026,Not Contacted,Yes,Prasanna S,Not Answering
2182,Jai Kumar,Chennai,Tamil Nadu,India,0,Not Responding,Dm 25K Naresh,04-09-2026,Not Contacted,Yes,Prasanna S,No Tag
2183,Jeeva Narayanasamy,Chennai,Tamil Nadu,India,0,Switched Off,Dm 25K Naresh,04-09-2026,Not Contacted,Yes,Prasanna S,"Switch Off, Contacted On 16/12/24"
2184,Nithin B N,Chennai,Tamil Nadu,India,0,Followup,Dm 25K Naresh,04-09-2026,Not Contacted,Yes,Prasanna S,"Need To Share The Proposal, Comtacted On 16/12/24"
2185,Shankar Pg,Chennai,Tamil Nadu,India,0,Not Responding,Dm 25K Naresh,04-09-2026,Not Contacted,Yes,Prasanna S,"Not Answering, Will Call Back Us, Contacted On 16/12/24"
2186,Senthilprabhu S,Chennai,Tamil Nadu,India,0,Not Responding,Dm 25K Naresh,04-09-2026,Not Contacted,Yes,Prasanna S,"Not Picking Up, Contacted On 16/12/24"
2187,Senthil Kumar,Chennai,Tamil Nadu,India,0,Details Has Sent Through Whatsapp,Dm 25K Naresh,04-09-2026,Not Contacted,Yes,Prasanna S,"Need To Share The Details, Need To Call Back In Next 30 Mins, Today Contact 16/12/24"
2188,Nithin Varghese Joseph,Chennai,Tamil Nadu,India,0,Followup,Dm 25K Naresh,04-09-2026,Not Contacted,Yes,Prasanna S,Need To Share The Details
2190,Unknown Name,Chennai,Tamil Nadu,India,0,Switched Off,Dm 25K Naresh,04-09-2026,Not Contacted,Yes,Prasanna S,Contacted On 16/12/24
2191,Raja,Chennai,Tamil Nadu,India,0,Not Responding,Dm 25K Naresh,04-09-2026,Not Contacted,Yes,Prasanna S,Call 16/12/24
2192,Nithin Varghese Joseph,Coimbatore,Tamil Nadu,India,0,Switched Off,Fb-Dm,04-09-2026,Not Contacted,Yes,Pon Bala Subramanian,No Tag
2193,Senthil Kumar,Coimbatore,Tamil Nadu,India,0,Followup,Fb-Dm,04-09-2026,Not Contacted,Yes,Prasanna S,Need To Call Back In Next 30 Mins
2194,Senthilprabhu S,Chennai,Tamil Nadu,India,0,On Process,Fb-Dm,04-09-2026,Not Contacted,Yes,Pon Bala Subramanian,No Tag
2195,Shankar Pg,Chennai,Tamil Nadu,India,0,Not Responding,Fb-Dm,04-09-2026,Not Contacted,Yes,Harish Kumar K,No Tag
2196,Nithin B N,Banglore,Tamil Nadu,India,0,Not Responding,Fb-Dm,04-09-2026,Not Contacted,Yes,Pon Bala Subramanian,"Car Rental Service Application, 4 Post 4 Infographic Reel, New Organisation, 2 Months Branding After That Only Lead Generation"
2197,Jeeva Narayanasamy,Coimbatore,Tamil Nadu,India,0,Not Responding,Fb-Dm,04-09-2026,Not Contacted,Yes,Prasanna S,No Tag
2198,Jai Kumar,Bangalore,Tamil Nadu,India,0,Followup,Fb-Dm,04-09-2026,Not Contacted,Yes,Harish Kumar K,Follow Up
2199,Kandhan Mani,Chennai,Tamil Nadu,India,0,Not Responding,Fb-Dm,04-09-2026,Not Contacted,Yes,Pon Bala Subramanian,No Tag
2200,Bhagavan D,Bangalore,Tamil Nadu,India,0,Not Responding,Fb-Dm,04-09-2026,Not Contacted,Yes,Prasanna S,Repeat
2201,Mohamed Azarudeen,Pollachi,Tamil Nadu,India,0,New,Fb-Dm,04-09-2026,Not Contacted,Yes,Yuvaraj Wgs,No Tag
2202,Craft House Gift World,Chennai,Tamil Nadu,India,0,Not Responding,Fb-Dm,04-09-2026,Not Contacted,Yes,Pon Bala Subramanian,Not Answering
2203,Ramesh,Chennai,Tamil Nadu,India,0,Not Interested,Fb-Dm,04-09-2026,Not Contacted,Yes,Prasanna S,Repeat
2217,Tharani Sundravel,Erode,Tamil Nadu,India,0,Not Responding,Fb-Dm,04-09-2026,Not Contacted,Yes,Prasanna S,No Tag
2218,Nagaselvam Ramasamy,Chennai,Tamil Nadu,India,0,Not Responding,Fb-Dm,04-09-2026,Not Contacted,Yes,Harish Kumar K,Not Answering
2219,Mohamed Ibrahim,Chennai,Tamil Nadu,India,0,Switched Off,Fb-Dm,04-09-2026,Not Contacted,Yes,Pon Bala Subramanian,No Tag
2220,Muhammed Faqih,Coimbatore,Tamil Nadu,India,0,Not Responding,Fb-Dm,04-09-2026,Not Contacted,Yes,Prasanna S,No Tag
2221,Joe Vincent,Tiruchirappalli,Tamil Nadu,India,0,Followup,Fb-Dm,04-09-2026,Not Contacted,Yes,Harish Kumar K,Follow Up
2222,Simbu,Chennai,Tamil Nadu,India,0,Followup,Fb-Dm,04-09-2026,Not Contacted,Yes,Jeevitha  D,Not Answering
2223,G Hemaapriyaa,Coimbatore,Tamil Nadu,India,0,Followup,Fb-Dm,04-09-2026,Not Contacted,Yes,Jeevitha  D,No Tag
2224,Eswari,Tirupur,Tamil Nadu,India,0,Followup,Fb-Dm,04-09-2026,Not Contacted,Yes,Jeevitha  D,16-12 Called By 11.30 Need To Call Back
2225,S Nagabhushan,Bangalore,Tamil Nadu,India,0,Call Later,Fb-Dm,04-09-2026,Not Contacted,Yes,Pon Bala Subramanian,Call Back Later
2226,Venkatesan Palanisamy,Coimbatore,Tamil Nadu,India,0,Followup,Fb-Dm,04-09-2026,Not Contacted,Yes,Prasanna S,Need To Call Back Evening
2227,Vikram R,Chennai,Tamil Nadu,India,0,Followup,Fb-Dm,04-09-2026,Not Contacted,Yes,Jeevitha  D,Not Answering
2228,Mahesh Babu,Bangalore,Tamil Nadu,India,0,Call Later,Fb-Dm,04-09-2026,Not Contacted,Yes,Pon Bala Subramanian,Call Back Later
2229,Hussain,Chennai,Tamil Nadu,India,0,Followup,Fb-Dm,04-09-2026,Not Contacted,Yes,Jeevitha  D,No Tag
2230,Ansari Sabik,Pallavaram,Tamil Nadu,India,0,Switched Off,Fb-Dm,04-09-2026,Not Contacted,Yes,Harish Kumar K,Switched Off
2231,World Of Fashion Jewellery,Chennai,Tamil Nadu,India,0,Followup,Fb-Dm,04-09-2026,Not Contacted,Yes,Pon Bala Subramanian,Follow Up
2232,Vidya Sagar Photographer,Chennai,Tamil Nadu,India,0,Followup,Fb-Hwp,04-09-2026,Not Contacted,Yes,Jeevitha  D,Not Answering
2233,Ramu,Chennai,Tamil Nadu,India,0,Already Have One,Fb-Dm,04-09-2026,Not Contacted,Yes,Harish Kumar K,Already Having Team
2234,Barani,Chengalpattu,Tamil Nadu,India,0,Looking For Job,Fb-Dm,04-09-2026,Not Contacted,Yes,Pon Bala Subramanian,No Tag
2235,Jayapal,Tiruchirappalli,Tamil Nadu,India,0,Switched Off,Fb-Dm,04-09-2026,Not Contacted,Yes,Prasanna S,No Tag
2236,Karthikeyan R,Chennai,Tamil Nadu,India,0,Followup,Fb-Dm,04-09-2026,Not Contacted,Yes,Harish Kumar K,Follow Up
2237,Krish Arjun,Chennai,Tamil Nadu,India,0,Followup,Fb-Dm,04-09-2026,Not Contacted,Yes,Pon Bala Subramanian,No Tag
2238,Bharani,Tirupur,Tamil Nadu,India,0,Invalid,Fb-Dm,04-09-2026,Not Contacted,Yes,Prasanna S,He Did Not Enquired
2239,Agri Machineries,Tiruchengodu,Tamil Nadu,India,0,Followup,Fb-Dm,04-09-2026,Not Contacted,Yes,Jeevitha  D,Not Answering
2240,Kesavan,Erode,Tamil Nadu,India,0,Followup,Fb-Dm,04-09-2026,Not Contacted,Yes,Jeevitha  D,Not Reachable
2241,Andrew,Bangalore,Tamil Nadu,India,0,Followup,Fb-Dm,04-09-2026,Not Contacted,Yes,Prasanna S,Need To Back Back Tomorrow Morning 17/12/24
2242,Saravanan,Coimbatore,Tamil Nadu,India,0,New,Fb-Dm,04-09-2026,Not Contacted,Yes,Yuvaraj Wgs,No Tag
2243,Venkatesh Babu P M,Chennai,Tamil Nadu,India,0,Pending,Fb-Dm,04-09-2026,Not Contacted,Yes,Pon Bala Subramanian,No Tag
2244,Sujan Gnanaolivu,Coimbatore,Tamil Nadu,India,0,Wrong Lead,Fb-Dm,04-09-2026,Not Contacted,Yes,Pon Bala Subramanian,No Tag
2245,Eli Elias,Chennai,Tamil Nadu,India,0,Call Later,Fb-Dm,04-09-2026,Not Contacted,Yes,Harish Kumar K,No Tag
2246,Arumugapandian Velavan,Chennai,Tamil Nadu,India,0,Followup,Fb-Dm,04-09-2026,Not Contacted,Yes,Pon Bala Subramanian,No Tag
2247,Asan Abdul Khadhar,Chennai,Tamil Nadu,India,0,New,Fb-Dm,04-09-2026,Not Contacted,Yes,Yuvaraj Wgs,No Tag
2248,Sakthivel Bala,Chennai,Tamil Nadu,India,0,Followup,Fb-Dm,04-09-2026,Not Contacted,Yes,Jeevitha  D,No Tag
2249,Anand Gandhi,Chennai,Tamil Nadu,India,0,Call Later,Fb-Dm,04-09-2026,Not Contacted,Yes,Harish Kumar K,No Tag
2250,Rajavel Egg Rajavel,Pondicherry,Tamil Nadu,India,0,Not Interested,Fb-Dm,04-09-2026,Not Contacted,Yes,Pon Bala Subramanian,No Tag
2251,Rocky,Chennai,Tamil Nadu,India,0,Followup,Fb-Dm,04-09-2026,Not Contacted,Yes,Jeevitha  D,No Tag
2252,Unified Glass,Hosur,Tamil Nadu,India,0,Followup,Fb-Dm,04-09-2026,Not Contacted,Yes,Jeevitha  D,No Tag
2253,Bradep Raj,Panruti,Tamil Nadu,India,0,Followup,Fb-Dm,04-09-2026,Not Contacted,Yes,Jeevitha  D,No Tag
2254,Hakim Peer,Chennai,Tamil Nadu,India,0,Followup,Fb-Dm,04-09-2026,Not Contacted,Yes,Jeevitha  D,No Tag
2255,Sweet Rascale,Madurai,Tamil Nadu,India,0,Not Interested,Fb-Dm,04-09-2026,Not Contacted,Yes,Harish Kumar K,Call Disconnected
2256,Arunkumar,Chennai,Tamil Nadu,India,0,Out Of Service,Fb-Dm,04-09-2026,Not Contacted,Yes,Pon Bala Subramanian,No Tag
2257,Sathya,Chennai,Tamil Nadu,India,0,New,Fb-Dm,04-09-2026,Not Contacted,Yes,Yuvaraj Wgs,No Tag
2258,Mohamed Rizwan Ali,Karur,Tamil Nadu,India,0,Call Later,Fb-Dm,04-09-2026,Not Contacted,Yes,Harish Kumar K,No Tag
2259,Rejoy K Roy,Chennai,Tamil Nadu,India,0,Followup,Fb-Dm,04-09-2026,Not Contacted,Yes,Jeevitha  D,No Tag
2260,Jagajeevan J,Chennai,Tamil Nadu,India,0,Out Of Service,Fb-Dm,04-09-2026,Not Contacted,Yes,Prasanna S,"Switch Off, Need To Call Back Tomorrow Morning"
2261,Raju Raj,Hosur,Tamil Nadu,India,0,Followup,Fb-Dm,04-09-2026,Not Contacted,Yes,Pon Bala Subramanian,No Tag
2262,Anisha,Chennai,Tamil Nadu,India,0,Looking For Candidate,Fb-Dm,04-09-2026,Not Contacted,Yes,Pon Bala Subramanian,No Tag
2263,Yasar,Chennai,Tamil Nadu,India,0,Followup,Fb-Dm,04-09-2026,Not Contacted,Yes,Jeevitha  D,Not Answering
2264,Mathan Sankar,Madurai,Tamil Nadu,India,0,Followup,Fb-Dm,04-09-2026,Not Contacted,Yes,Prasanna S,Need To Call Back On Monday /27/12/24
2265,Muthukumar,Coimbatore,Tamil Nadu,India,0,Followup,Fb-Dm,04-09-2026,Not Contacted,Yes,Prasanna S,Need To Share The Details For Real Estate Business- Coimbatore
2266,Karthick,West Mambalam,Tamil Nadu,India,0,Followup,Fb-Dm,04-09-2026,Not Contacted,Yes,Prasanna S,"Need To Share The Details, Interiors Business"
2267,Srinija,Chennai,Tamil Nadu,India,0,Followup,Fb-Dm,04-09-2026,Not Contacted,Yes,Harish Kumar K,Follow Up
2268,Prabhu Selvaraj,Chennai,Tamil Nadu,India,0,Followup,Fb-Dm,04-09-2026,Not Contacted,Yes,Jeevitha  D,Need To Call Back On Monday Again
2269,Dinesh Din,Chennai,Tamil Nadu,India,0,Details Has Sent Through Whatsapp,Fb-Dm,04-09-2026,Not Contacted,Yes,Prasanna S,No Tag
2270,Mahendergith,Coimbatore,Tamil Nadu,India,0,Followup,Fb-Dm,04-09-2026,Not Contacted,Yes,Harish Kumar K,Follow Up
2271,Jai Kumar,Hosur,Tamil Nadu,India,0,Followup,Fb-Dm,04-09-2026,Not Contacted,Yes,Jeevitha  D,No Tag
2272,Guna,Coimbatore,Tamil Nadu,India,0,Followup,Fb-Dm,04-09-2026,Not Contacted,Yes,Jeevitha  D,No Tag
2273,Kumaresan,Chennai,Tamil Nadu,India,0,Not Interested,Fb-Dm,04-09-2026,Not Contacted,Yes,Harish Kumar K,Not Interested
2274,Darshana,Madurai,Tamil Nadu,India,0,Followup,Fb-Dm,04-09-2026,Not Contacted,Yes,Jeevitha  D,Not Answering
2275,Venkatesh Kaliamurthy,Villupuram,Tamil Nadu,India,0,Followup,Fb-Dm,04-09-2026,Not Contacted,Yes,Pon Bala Subramanian,Call Back After 1 Hour
2276,Irshad Ahamed,Melapalaiyam,Tamil Nadu,India,0,Pending,Fb-Dm,04-09-2026,Not Contacted,Yes,Harish Kumar K,Not Interested 5/2/25
2277,Harish Venkatesh,Bangalore,Tamil Nadu,India,0,Followup,Fb-Dm,04-09-2026,Not Contacted,Yes,Pon Bala Subramanian,"Need To Send Proposal, Need To Share The Company Profile"
2278,Sachin,Chennai,Tamil Nadu,India,0,Details Has Sent Through Whatsapp,Fb-Dm,04-09-2026,Not Contacted,Yes,Harish Kumar K,No Tag
2279,Sathiah Kumar P,Coimbatote,Tamil Nadu,India,0,Followup,Fb-Dm,04-09-2026,Not Contacted,Yes,Jeevitha  D,Not Picking The Call
2280,Raja,Salem,Tamil Nadu,India,0,Out Of Service,Fb-Dm,04-09-2026,Not Contacted,Yes,Harish Kumar K,Not Answering
2281,Srinivas Murthy,Bangalore,Tamil Nadu,India,0,Not Interested,Fb-Dm,04-09-2026,Not Contacted,Yes,Pon Bala Subramanian,No Tag
2282,Sjp Jayaselva,Coimbatore,Tamil Nadu,India,0,Not Interested,Fb-Dm,04-09-2026,Not Contacted,Yes,Harish Kumar K,"Not Interested, Will Call Us If Needed"
2283,Vijay Sharma,Bangalore,Tamil Nadu,India,0,Followup,Fb-Dm,04-09-2026,Not Contacted,Yes,Pon Bala Subramanian,Need To Call Back Evening
2284,Yuvaraj,Chennai,Tamil Nadu,India,0,Competitor,Fb-Dm,04-09-2026,Not Contacted,Yes,Harish Kumar K,Competetior
2285,Syed Abdul Kariem,Chennai,Tamil Nadu,India,0,Followup,Fb-Dm,04-09-2026,Not Contacted,Yes,Pon Bala Subramanian,Call Back Again By Tomorrow
2286,Rama Murthy,Port Blair,Tamil Nadu,India,0,Not Interested,Fb-Dm,04-09-2026,Not Contacted,Yes,Harish Kumar K,Not Interested
2287,Jss Traders,Chennai,Tamil Nadu,India,0,Followup,Fb-Dm,04-09-2026,Not Contacted,Yes,Jeevitha  D,Not Answering
2288,Saravanan Rs,Tiruchirappalli,Tamil Nadu,India,0,Followup,Fb-Dm,04-09-2026,Not Contacted,Yes,Jeevitha  D,"Not Answering, Job Enquiry 5/2/25"
2289,Getit Mediasolutions,Pondicherry,Tamil Nadu,India,0,Followup,Fb-Dm,04-09-2026,Not Contacted,Yes,Harish Kumar K,Need To Share The Details
2290,Sakthi Vel,Chennai,Tamil Nadu,India,0,Call Later,Fb-Dm,04-09-2026,Not Contacted,Yes,Pon Bala Subramanian,No Tag
2291,Kranthi Kiran,Hyderabad,Tamil Nadu,India,0,Followup,Fb-Dm,04-09-2026,Not Contacted,Yes,Prasanna S,"Need To Share The Details, Need To Share The Samples"
2292,Pradeep Kumar,Chennai,Tamil Nadu,India,0,Followup,Fb-Dm,04-09-2026,Not Contacted,Yes,Harish Kumar K,Need To Share The Details 5/2/25
2293,Venkatesh Mano,Chennai,Tamil Nadu,India,0,Followup,Fb-Dm,04-09-2026,Not Contacted,Yes,Jeevitha  D,Not Reachable
2294,Mani Mani,Bangalore,Tamil Nadu,India,0,Followup,Fb-Dm,04-09-2026,Not Contacted,Yes,Jeevitha  D,"Not Answering, Not Reachable"
2295,Mahi Mohan,Tiruchirapalli,Tamil Nadu,India,0,Out Of Service,Fb-Dm,04-09-2026,Not Contacted,Yes,Harish Kumar K,Number Does Not Exist
2296,Prem Gt,Bangalore,Tamil Nadu,India,0,Followup,Fb-Dm,04-09-2026,Not Contacted,Yes,Pon Bala Subramanian,Call Back By 1.00 Pm 27-12-2024
2297,Film Makers Studios,Chennai,Tamil Nadu,India,0,Followup,Fb-Dm,04-09-2026,Not Contacted,Yes,Prasanna S,Need To Call Back After 2.00Pm
2298,Subash Balakrishnan,Chennai,Tamil Nadu,India,0,Call Later,Fb-Dm,04-09-2026,Not Contacted,Yes,Harish Kumar K,"Call On 6Th January 2025, Not Reachable"
2299,Nikhil Raj,Calicut,Tamil Nadu,India,0,Followup,Fb-Dm,04-09-2026,Not Contacted,Yes,Harish Kumar K,Need To Call After 5.00Pm
2300,S T Anantha,Munnar,Tamil Nadu,India,0,Not Interested,Ecommerce Lead,04-09-2026,Not Contacted,Yes,Jeevitha  D,No Tag
2301,Saravanan Lakshmanan,Coimbatore,Tamil Nadu,India,0,Followup,Fb-Dm,04-09-2026,Not Contacted,Yes,Jeevitha  D,"Not Answering, Need To Share The Company Profile"
2302,Venkatesh Yadavan Gokul,Chennai,Tamil Nadu,India,0,Not Interested,Fb-Dm,04-09-2026,Not Contacted,Yes,Harish Kumar K,Will Call Us Later If Needed
2303,Vijay Manoj,Namakkal,Tamil Nadu,India,0,Followup,Fb-Dm,04-09-2026,Not Contacted,Yes,Charu Devi S,Call Busy
2304,Arun Kumar,Chennai,Tamil Nadu,India,0,Not Responding,Instagram & Facebook,04-09-2026,Not Contacted,Yes,Pon Bala Subramanian,No Tag
2305,Satish Royal,Hyderabad,Tamil Nadu,India,0,Not Interested,Fb-Dm,04-09-2026,Not Contacted,Yes,Charu Devi S,Call Disconnected
2306,Narendar Kothari,Coimbatore,Tamil Nadu,India,0,Followup,Fb-Dm,04-09-2026,Not Contacted,Yes,Charu Devi S,Call After 4 Clock
2307,Raji Sampath,Chennai,Tamil Nadu,India,0,Followup,Wa Valid Leads,04-09-2026,Not Contacted,Yes,Prasanna S,Need To Share The Details
2308,Mohamed Imran,Chennai,Tamil Nadu,India,0,Followup,Fb-Dm,04-09-2026,Not Contacted,Yes,Charu Devi S,Not Picking The Call
2309,Karthik,Coimbatore,Tamil Nadu,India,0,Followup,Fb-Dm,04-09-2026,Not Contacted,Yes,Jeevitha  D,Not Picking The Call 4/2/25
2310,Prashanth,Chennai,Tamil Nadu,India,0,Followup,Fb-Dm,04-09-2026,Not Contacted,Yes,Pon Bala Subramanian,Will Call Us Later/Not Answering 4/2/25
2311,Karthik Kannan,Salem,Tamil Nadu,India,0,Followup,Fb-Dm,04-09-2026,Not Contacted,Yes,Prasanna S,"Spoken By Harish, Line Busy"
2312,Vimal Narasimman,Sendamangalam,Tamil Nadu,India,0,Not Interested,Fb-Dm,04-09-2026,Not Contacted,Yes,Harish Kumar K,Not Interested
2313,Arans,Erode,Tamil Nadu,India,0,Not Interested,Fb-Dm,04-09-2026,Not Contacted,Yes,Pon Bala Subramanian,Not Interested 4/2/25
2314,Sathesh Kumar R,Ambattur,Tamil Nadu,India,0,Followup,Fb-Dm,04-09-2026,Not Contacted,Yes,Jeevitha  D,"Spoken By Harish, Not Picking The Call 4/2/25"
2315,K Thir Vel,Dharmapuri,Tamil Nadu,India,0,Followup,Fb-Dm,04-09-2026,Not Contacted,Yes,Harish Kumar K,Proposal Sent
2316,Senthil Kumar,Coimbatore,Tamil Nadu,India,0,Followup,Wa Valid Leads,04-09-2026,Not Contacted,Yes,Yuvaraj Wgs,No Tag
2317,Rajeshr,Madurai,Tamil Nadu,India,0,Followup,Fb-Dm,04-09-2026,Not Contacted,Yes,Jeevitha  D,Not Picking The Call 4/2/25
2318,Vinoth Kumar,Chennai,Tamil Nadu,India,0,Followup,Fb-Dm,04-09-2026,Not Contacted,Yes,Jeevitha  D,Line Busy 4/2/25
2319,Jhayaram Mrk,Chennai,Tamil Nadu,India,0,Followup,Fb-Dm,04-09-2026,Not Contacted,Yes,Jeevitha  D,"Spoken By Harish, Not Picking The Call"
2320,David Sudhakar,Bangalore,Tamil Nadu,India,0,Switched Off,Fb-Dm,04-09-2026,Not Contacted,Yes,Harish Kumar K,Switched Off
2321,Sathiamoorthi Sokkalingam,Dharmapuri,Tamil Nadu,India,0,Followup,Fb-Dm,04-09-2026,Not Contacted,Yes,Jeevitha  D,Not Reachable 4/2/25
2322,Julius Ira,Mumbai,Tamil Nadu,India,0,Followup,Fb-Dm,04-09-2026,Not Contacted,Yes,Prasanna S,"Spoken By Harish, Not Answering"
2323,Subramanian P,Coimbatore,Tamil Nadu,India,0,Followup,Fb-Dm,04-09-2026,Not Contacted,Yes,Jeevitha  D,Not Answering 4/2/25
2324,Mahesha Mahadevappa,Bangalore,Tamil Nadu,India,0,Followup,Fb-Dm,04-09-2026,Not Contacted,Yes,Pon Bala Subramanian,"Need To Call Back Evening Again, 4/2/25"
2325,Jayavelu,Tirupattur,Tamil Nadu,India,0,Not Interested,Fb-Dm,04-09-2026,Not Contacted,Yes,Charu Devi S,"Spoken By Harish, Not Required Now"
2326,Padmakshetra,Madurai,Tamil Nadu,India,0,Followup,Fb-Dm,04-09-2026,Not Contacted,Yes,Charu Devi S,Call Disconnected
2327,Guganesan K,Villupuram,Tamil Nadu,India,0,Followup,Fb-Dm,04-09-2026,Not Contacted,Yes,Charu Devi S,"Not Answering, Call Waiting"
2328,Sendhill,Villupuram,Tamil Nadu,India,0,Followup,Fb-Dm,04-09-2026,Not Contacted,Yes,Charu Devi S,Not Picking The Call
2329,Chakravarthy M,Bangalore,Tamil Nadu,India,0,Followup,Fb-Dm,04-09-2026,Not Contacted,Yes,Charu Devi S,"Not Picking Call/ 27/12/24, Call Tomorrow"
2330,Sanjay Vaishnav,Chennai,Tamil Nadu,India,0,Followup,Fb-Dm,04-09-2026,Not Contacted,Yes,Harish Kumar K,No Tag
2331,Sudarsan B,Kumbakonam,Tamil Nadu,India,0,Followup,Fb-Dm,04-09-2026,Not Contacted,Yes,Prasanna S,Spoken By Harish
2332,Srinivasan Sundaram,Kanchipuram,Tamil Nadu,India,0,Followup,Fb-Dm,04-09-2026,Not Contacted,Yes,Charu Devi S,Not Picking The Call
2333,Dhinesh Palaniappan,Bangalore,Tamil Nadu,India,0,Followup,Fb-Dm,04-09-2026,Not Contacted,Yes,Prasanna S,Need To Call After Pongal
2334,Aravind Bharathy,Madurai,Tamil Nadu,India,0,Followup,Fb-Dm,1735-01-20,Not Contacted,Yes,Charu Devi S,"Call Back In Half An Hour, Call Tomorrow"
2335,Zubin Maddy,Chennai,Tamil Nadu,India,0,Followup,Fb-Dm,1735-01-20,1735-01-20,Yes,Prasanna S,Call After Pongal
2336,Subash V,Coimbatore,Tamil Nadu,India,0,Invalid,Fb-Dm,1735-02-20,Not Contacted,Yes,Charu Devi S,"Wrong Number, Invalid Number"
2337,Bala Bala,Pattukkottai,Tamil Nadu,India,0,Followup,Fb-Dm,1735-02-20,1735-02-20,Yes,Jeevitha  D,Busy / Not Reachable
2338,Sakthikumar,Chennai,Tamil Nadu,India,0,Details Has Sent Through Whatsapp,Whatsapp Dm Enquiries,04-09-2026,1745-02-22,Yes,Jeevitha  D,No Tag
2339,Avae Off,Vedasandur,Tamil Nadu,India,0,Followup,Fb-Dm,04-09-2026,Not Contacted,Yes,Jeevitha  D,Busy
2340,Unknown Name,Bangalore,Tamil Nadu,India,0,Proposal Sent,Whatsapp Dm Enquiries,04-09-2026,Not Contacted,Yes,Dawood Wgs,No Tag
2341,Sai,Pondicherry,Tamil Nadu,India,0,Call Later,Fb-Dm,04-09-2026,Not Contacted,Yes,Prasanna S,Will Call Back Us Later
2342,Vijay S,Chennai,Tamil Nadu,India,0,Followup,Fb-Dm,04-09-2026,Not Contacted,Yes,Harish Kumar K,No Tag
2343,Ar Hemnath Sanjeev,Chennai,Tamil Nadu,India,0,Switched Off,Fb-Dm,04-09-2026,Not Contacted,Yes,Prasanna S,Switched Off
2344,Unknown Name,Chennai,Tamil Nadu,India,0,Call Later,Fb-Dm,04-09-2026,Not Contacted,Yes,Harish Kumar K,No Tag
2345,Subha,Chennai,Tamil Nadu,India,0,Followup,Fb-Dm,04-09-2026,Not Contacted,Yes,Harish Kumar K,No Tag
2346,Praveen Kumaar,Coimbatore,Tamil Nadu,India,0,Invalid,Fb-Dm,04-09-2026,Not Contacted,Yes,Prasanna S,Wrong Number
2347,Grace Makeupartist,Chennai,Tamil Nadu,India,0,Followup,Fb-Dm,04-09-2026,Not Contacted,Yes,Harish Kumar K,No Tag
2348,Dhanasekaran K,Tiruchirappalli,Tamil Nadu,India,0,Followup,Fb-Dm,04-09-2026,Not Contacted,Yes,Jeevitha  D,Thier Head With Contact Us Afternoon
2349,Abdul Salam,Vandiperiyar,Tamil Nadu,India,0,Call Later,Fb-Dm,04-09-2026,Not Contacted,Yes,Harish Kumar K,No Tag
2350,New Cinemas,Nagapattinam,Tamil Nadu,India,0,Followup,Fb-Dm,04-09-2026,Not Contacted,Yes,Jeevitha  D,Not Answering
2351,Vignesh Shiva Narendran,Tirupur,Tamil Nadu,India,0,Followup,Fb-Dm,04-09-2026,Not Contacted,Yes,Harish Kumar K,No Tag
2352,Madhan Sekar,Pudukkottai,Tamil Nadu,India,0,Followup,Fb-Dm,04-09-2026,Not Contacted,Yes,Jeevitha  D,Not Answering
2353,Muthu Kumar,Coimbatore,Tamil Nadu,India,0,Call Later,Fb-Dm,04-09-2026,Not Contacted,Yes,Harish Kumar K,No Tag
2354,Krishna Rg,Chennai,Tamil Nadu,India,0,Followup,Fb-Dm,04-09-2026,Not Contacted,Yes,Prasanna S,Need To Call On Weekend
2355,Surya Traders,Chennai,Tamil Nadu,India,0,Call Later,Fb-Dm,04-09-2026,Not Contacted,Yes,Harish Kumar K,No Tag
2356,Prs Paper Bags,Tiruppur,Tamil Nadu,India,0,Followup,Fb-Dm,04-09-2026,Not Contacted,Yes,Prasanna S,Need To Share The Details
2357,Plakees,Chennai,Tamil Nadu,India,0,Invalid,Fb-Dm,04-09-2026,Not Contacted,Yes,Harish Kumar K,No Tag
2358,Annakodi Mba,Salem,Tamil Nadu,India,0,Details Has Sent Through Whatsapp,Fb-Dm,04-09-2026,Not Contacted,Yes,Charu Devi S,"Not Answering, Photography Business, Need To Share The Details"
2359,Pradeep,Erode,Tamil Nadu,India,0,Followup,Fb-Dm,04-09-2026,Not Contacted,Yes,Charu Devi S,Client Will Call Back
2360,Shamini Sivanandam,Coimbatore,Tamil Nadu,India,0,Details Has Sent Through Whatsapp,Fb-Dm,04-09-2026,Not Contacted,Yes,Charu Devi S,Details Shared - Clothing Business
2361,Karna Prakash,Chennai,Tamil Nadu,India,0,Invalid,Fb-Dm,04-09-2026,Not Contacted,Yes,Charu Devi S,Not Enquired
2362,Dhavamanikandan,Chidambaram,Tamil Nadu,India,0,Followup,Fb-Dm,04-09-2026,Not Contacted,Yes,Charu Devi S,"Unable To Take The Call, Not Picking The Call"
2363,Senthil Kumar,Pollachi,Tamil Nadu,India,0,Followup,Fb-Dm,04-09-2026,Not Contacted,Yes,Harish Kumar K,No Tag
2364,Dhiraj Surana,Vellore,Tamil Nadu,India,0,Followup,Fb-Dm,04-09-2026,Not Contacted,Yes,Prasanna S,Need To Call Back After 2.00Pm
2365,Sre Guru Abrasive Importers,London,Tamil Nadu,India,0,Followup,Fb-Dm,04-09-2026,Not Contacted,Yes,Charu Devi S,Call Busy
2366,Hussain Zenith,Madurai,Tamil Nadu,India,0,Followup,Fb-Dm,04-09-2026,Not Contacted,Yes,Prasanna S,Need To Review The Website And Share The Details
2367,Karthikeyan Karthik,Pondicherry,Tamil Nadu,India,0,Followup,Fb-Dm,04-09-2026,Not Contacted,Yes,Harish Kumar K,No Tag
2368,Infinite Wedding Planner,Bangalore,Tamil Nadu,India,0,Not Interested,Fb-Dm,04-09-2026,Not Contacted,Yes,Charu Devi S,Need To Share The Details For Wedding Events Planner
2369,Imthiyas Mansoor,Madurai,Tamil Nadu,India,0,Followup,Fb-Dm,04-09-2026,Not Contacted,Yes,Charu Devi S,Client Will Call Back
2370,Mohammed Abdullah,Chennai,Tamil Nadu,India,0,Details Has Sent Through Whatsapp,Fb-Dm,04-09-2026,Not Contacted,Yes,Charu Devi S,"Not Answering, Details Shared Through Watsapp"
2371,Balajiramadoss,Podaturpet,Tamil Nadu,India,0,Not Interested,Fb-Dm,04-09-2026,Not Contacted,Yes,Charu Devi S,The Client Thought The Price Was Too High And Will Call Back If Interested
2372,Uttam Utm,Vellore,Tamil Nadu,India,0,Followup,Fb-Dm,04-09-2026,Not Contacted,Yes,Jeevitha  D,"Not Reachable, Not Picking The Call 3/2/25"
2373,Dr Shri Krishna Prasanth,Chennai,Tamil Nadu,India,0,Followup,Whatsapp Dm Enquiries,04-09-2026,Not Contacted,Yes,Jeevitha  D,Rnr
2374,Brindha Sampath,Pondicherry,Tamil Nadu,India,0,Already Have One,Fb-Dm,04-09-2026,Not Contacted,Yes,Prasanna S,"Not Answering, Already Have A Team 3/2/25"
2375,Ravindran,Salem,Tamil Nadu,India,0,Call Later,Fb-Dm,04-09-2026,Not Contacted,Yes,Harish Kumar K,Not Answering 3/2/25
2376,Ramesh Kumar A,Chennai,Tamil Nadu,India,0,Followup,Fb-Dm,04-09-2026,Not Contacted,Yes,Jeevitha  D,"Not Answering, Need To Call Back Tomorrow Morning 3/2/25"
2377,Thamizhazhagan,Chennai,Tamil Nadu,India,0,Switched Off,Mobile App Lead,04-09-2026,Not Contacted,Yes,Jeevitha  D,No Tag
2378,Rageshrocky,Chennai,Tamil Nadu,India,0,Followup,Fb-Dm,04-09-2026,Not Contacted,Yes,Prasanna S,Need To Call Evening @5.00Pm
2379,Gopi,Chennai,Tamil Nadu,India,0,Followup,Fb-Dm,04-09-2026,Not Contacted,Yes,Harish Kumar K,No Tag
2380,Victor Growth,Kochi,Tamil Nadu,India,0,Followup,Fb-Dm,04-09-2026,Not Contacted,Yes,Jeevitha  D,"He Did Not Enquired, Already Have A Team 3/2/25"
2381,Ameen Bolt,Tiruppur,Tamil Nadu,India,0,Followup,Fb-Dm,04-09-2026,Not Contacted,Yes,Jeevitha  D,"Not Answering, Not Answering 03/02/25"
2382,Tigers Electronics,Tirunelveli,Tamil Nadu,India,0,Followup,Fb-Dm,04-09-2026,Not Contacted,Yes,Prasanna S,No Tag
2383,Madiha,Coimbatore,Tamil Nadu,India,0,Followup,Fb-Dm,04-09-2026,Not Contacted,Yes,Prasanna S,Need To Share The Details Through What'S App
2384,Murugesan Akm,Tirupur,Tamil Nadu,India,0,Details Has Sent Through Whatsapp,Fb-Dm,04-09-2026,Not Contacted,Yes,Prasanna S,Need To Share The Details And Need To Call Back On Jan 2
2385,M M Onion S,Tirunelveli,Tamil Nadu,India,0,Followup,Fb-Dm,04-09-2026,Not Contacted,Yes,Jeevitha  D,"Not Answering, Not Answering/Line Busy 3/2/25"
2386,Ashok,Coimbatore,Tamil Nadu,India,0,Switched Off,Fb-Dm,04-09-2026,Not Contacted,Yes,Prasanna S,"Switch Off, Switch Off 3/2/25"
2387,Sathish,Chennai,Tamil Nadu,India,0,Followup,Fb-Dm,04-09-2026,Not Contacted,Yes,Prasanna S,Need To Call Back After 4.30Pm
2388,Sharath Kumar V,Chennai,Tamil Nadu,India,0,Followup,Fb-Dm,04-09-2026,Not Contacted,Yes,Jeevitha  D,Not Answering
2389,Dhamu Dharan,Dindigul,Tamil Nadu,India,0,Followup,Fb-Dm,04-09-2026,Not Contacted,Yes,Prasanna S,Need To Share The Details
2390,Vivek,Erode,Tamil Nadu,India,0,Followup,Fb-Dm,04-09-2026,Not Contacted,Yes,Prasanna S,Will Call Us After 30 Mins
2391,Khadhija Madiha,Chennai,Tamil Nadu,India,0,Call Later,"Dm 24,999",04-09-2026,Not Contacted,Yes,Harish Kumar K,No Tag
2392,No Name,Chennai,Tamil Nadu,India,0,Invalid,"Dm 24,999",04-09-2026,Not Contacted,Yes,Harish Kumar K,No Tag
2393,Bala Krishnan,Chennai,Tamil Nadu,India,0,Invalid,"Dm 24,999",04-09-2026,Not Contacted,Yes,Harish Kumar K,No Tag
2394,Adha Kishor,Chennai,Tamil Nadu,India,0,Switched Off,"Dm 24,999",04-09-2026,Not Contacted,Yes,Harish Kumar K,No Tag
2395,Ashish Kumar,Chennai,Tamil Nadu,India,0,Invalid,"Dm 24,999",04-09-2026,Not Contacted,Yes,Harish Kumar K,No Tag
2396,No Name,Chennai,Tamil Nadu,India,0,Followup,"Dm 24,999",04-09-2026,Not Contacted,Yes,Jeevitha  D,No Tag
2397,Jayalakshmi T,Chennai,Tamil Nadu,India,0,Followup,"Dm 24,999",04-09-2026,Not Contacted,Yes,Jeevitha  D,No Tag
2398,Sahabu Deen,Chennai,Tamil Nadu,India,0,Not Interested,"Dm 24,999",04-09-2026,Not Contacted,Yes,Harish Kumar K,No Tag
2399,Muthu Kumar,Chennai,Tamil Nadu,India,0,Followup,"Dm 24,999",04-09-2026,Not Contacted,Yes,Harish Kumar K,No Tag
2400,Krishna,Chennai,Tamil Nadu,India,0,Followup,"Dm 24,999",04-09-2026,Not Contacted,Yes,Harish Kumar K,No Tag
2401,No Name,Chennai,Tamil Nadu,India,0,Invalid,"Dm 24,999",04-09-2026,Not Contacted,Yes,Harish Kumar K,No Tag
2402,Padma Priya,Chennai,Tamil Nadu,India,0,Invalid,"Dm 24,999",04-09-2026,Not Contacted,Yes,Harish Kumar K,No Tag
